<?xml version="1.0" encoding="UTF-8"?>
<component name="BaseHomeScreen" extends="BaseScreenWithMenu">
	<script type="text/brightscript" uri="pkg:/components/app/screens/BaseHomeScreen.brs"/>
	<script type="text/brightscript" uri="pkg:/components/app/Interstitials/install_update/config.brs"/>
	<children>
		<Group
			  id="heroGroup">
			<Poster
				  id="heroImage"
				  loadWidth="1920"
				  loadHeight="1080"
				  loadDisplayMode="scaleToFill"/>
			<Poster
				  id="pattern"
				  loadWidth="1920"
				  loadHeight="2160"
				  loadDisplayMode="scaleToFit"
				  uri="pkg:/images/mesh_texture.png"/>
			<Poster
				  id="bottomGradient"
				  loadWidth="1920"
				  loadHeight="1080"
				  loadDisplayMode="scaleToFit"
				  translation="[0,0]"
				  uri="pkg:/images/bottom_gradient.png"/>

			<Label
				  id="heroDescription"
				  width="1000"
				  height="90"
				  horizAlign="center"
				  vertAlign="center"
				  translation="[460,340]"
			    color="0xF6F2EB">
				<Font role="font" uri="pkg:/resource/fonts/Qanelas/Qanelas-Regular.otf" size="46"/>
			</Label>
			<Label
				  id="heroTitle"
				  width="1000"
				  horizAlign="center"
				  vertAlign="center"
				  translation="[460,430]"
				  wrap="true"
				  lineSpacing="-7"
			    color="0xF6F2EB">
				<Font role="font" uri="pkg:/resource/fonts/Qanelas/Qanelas-Bold.otf" size="82"/>
			</Label>
		</Group>


    <Group
    		id="carouselsGroup">
	    <Carousel
	    		id="wristbandCarousel"
          startTransIndex="1" />
	    <Carousel
	    		id="liveUpcomingCarousel"
          startTransIndex="3" />
	    <CategoryGrid
	    		id="categoriesGrid"/>
	    <Carousel
	    		id="recentlyAiredCarousel"
					pageScrollCount="2"
          startTransIndex="2" />
	    <Carousel
	    		id="popularCarousel"
					pageScrollCount="2"
          startTransIndex="3" />
		</Group>

    <Group id="menuContainer" />
    <Timer id="refreshTimer" repeat="true" duration="60" />

		<Animation
			  id="carouselsGroupAnimation"
			  duration=".35"
			  optional="true">
			<Vector2DFieldInterpolator
				  id="carouselsGroupInterp"
				  key="[0,1]"
				  fieldToInterp="carouselsGroup.translation"/>
		</Animation>

		<Animation
			  id="heroGroupAnimation"
			  duration=".5"
			  optional="true">
			<Vector2DFieldInterpolator
				  id="heroGroupInterp"
				  key="[0,1]"
				  fieldToInterp="heroGroup.translation"/>
		</Animation>
	</children>
</component>
