<?xml version="1.0" encoding="UTF-8"?>
<component name="LaunchScreen" extends="BaseScreen">
	<script type="text/brightscript" uri="pkg:/components/app/screens/LaunchScreen.brs"/>
	<children>
		<video id="marketingVideo" />
		<Rectangle
			  id="videoMask"
			  width="1920"
			  height="1080"
			  opacity="0.75"
			  color="0x242424"
			  />

		<ChannelStore
        id="store"
			  fakeServer = "true"
        command="getCatalog" />

		<Group id="content">
			<Poster
				  id="fuboLogo"
				  width="194"
				  height="65"
				  translation="[200,170]"
				  uri="pkg:/images/fubotv_logo_small.png"/>
			<Label
				  id="realFansLabel1"
				  color="0xF6F2EB"
				  wrap="false"
				  text="THE MOST SPORTS FOR"
				  translation="[200,300]">
				<Font role="font" uri="pkg:/resource/fonts/Qanelas/Qanelas-ExtraBold.otf" size="100"/>
			</Label>
			<Label
				  id="realFansLabel2"
				  color="0xF6F2EB"
				  wrap="false"
				  text="THE LEAST MONEY."
				  translation="[200,400]">
				<Font role="font" uri="pkg:/resource/fonts/Qanelas/Qanelas-ExtraBold.otf" size="100"/>
			</Label>
			<Label
				  id="streamLabel"
				  color="0xF6F2EB"
				  wrap="false"
				  text="Stream and DVR your teams, plus hit shows and top movies."
				  translation="[200,550]">
				<Font role="font" uri="pkg:/resource/fonts/Qanelas/Qanelas-SemiBold.otf" size="36"/>
			</Label>
			<SlidingButton
				  id="freeTrialButton"
				  width="354"
				  height="76"
				  horizAlign="center"
				  vertAlign="center"
				  text="START FREE TRIAL"
				  font="pkg:/resource/fonts/Qanelas/Qanelas-Bold.otf"
				  fontSize="36"
				  translation="[200,700]"
				  focus="true">
			</SlidingButton>
			<SlidingButton
				  id="signInButton"
				  width="354"
				  height="76"
				  horizAlign="center"
				  vertAlign="center"
				  text="SIGN IN"
				  font="pkg:/resource/fonts/Qanelas/Qanelas-Bold.otf"
				  fontSize="36"
				  translation="[600,700]">
			</SlidingButton>
		</Group>
		<PosterGrid
			id="logoGrid"
			translation = "[200, 905]"
			basePosterSize = "[77,155]"
			itemSpacing="[63,63]"
			numColumns="10"
			numRows="1"
			useAtlas = "false"
			posterDisplayMode = "scaleToFit">
		</PosterGrid>
		<Label
			id="andMorePstr"
			text="AND 60 MORE!"
			color="0xF6F2EB"
			width="200"
			height="100"
			translation="[0,-100]">
			<Font role="font" uri="pkg:/resource/fonts/Qanelas/Qanelas-ExtraBold.otf" size="25"/>
		</Label>
	</children>
</component>
