<?xml version="1.0" encoding="UTF-8"?>
<component name="CmmInterstitial" extends="BaseModal">
	<script type="text/brightscript" uri="pkg:/components/app/Interstitials/CmmInterstitial.brs"/>
	<children>
		<Rectangle
			  id="backgroundRect"
			  width="1920"
			  height="1080"
			  color="0x343738"
			  translation="[0,0]"
			  opacity=".96">
	    <Label
	    		id="titleLabel"
			    color="0xF6F2EB"
			    width="900"
			    horizAlign="center"
			    text=""
			    translation="[510,200]"
	    		wrap="true"
	    		lineSpacing="-5"
    			maxLines="1">
				<Font role="font" uri="pkg:/resource/fonts/Qanelas/Qanelas-Bold.otf" size="50"/>
			</Label>
			<Label
	    		id="bodyLabel"
			    color="0xF6F2EB"
			    width="900"
			    horizAlign="center"
			    text=""
			    translation="[510,300]"
	    		wrap="true"
	    		lineSpacing="-5"
    			maxLines="3">
				<Font role="font" uri="pkg:/resource/fonts/Qanelas/Qanelas-SemiBold.otf" size="35"/>
			</Label>
			<SlidingButton
				  id="keepButton"
				  width="250"
				  height="76"
				  horizAlign="center"
				  vertAlign="center"
				  text="CONTINUE"
				  font="pkg:/resource/fonts/Qanelas/Qanelas-Bold.otf"
				  fontSize="36"
				  translation="[835,525]"
          focus="true"
          />
			<SlidingButton
				  id="closeButton"
				  width="250"
				  height="76"
				  horizAlign="center"
				  vertAlign="center"
				  text="CANCEL"
				  font="pkg:/resource/fonts/Qanelas/Qanelas-Bold.otf"
				  fontSize="36"
				  translation="[835,601]"
				  />
		</Rectangle>
	</children>
</component>
