<?xml version="1.0" encoding="UTF-8"?>
<component name="ExitSignUpInterstitial" extends="BaseScreen">
	<script type="text/brightscript" uri="pkg:/components/app/Interstitials/ExitSignUpInterstitial.brs"/>

	<children>
		<Rectangle
			  id="backgroundRect"
			  width="1920"
			  height="1080"
			  color="0x343738"
			  translation="[0, 0]"
			  opacity=".96">
      <Label
          id="titleLabel"
          color="0xF6F2EB"
          width="900"
          horizAlign="center"
          text=""
          translation="[510,200]"
          wrap="true"
          lineSpacing="-5"
          maxLines="1">
        <Font role="font" uri="pkg:/resource/fonts/Qanelas/Qanelas-Bold.otf" size="70"/>
      </Label>

	    <Label
	    		id="messageLabel"
			    color="0xF6F2EB"
			    width="1100"
			    horizAlign="center"
			    text="Are you sure you want to exit the purchase flow?"
			    translation="[410,300]"
	    		wrap="true"
	    		lineSpacing="-5"
    			maxLines="4">
				<Font role="font" uri="pkg:/resource/fonts/Qanelas/Qanelas-Bold.otf" size="50"/>
			</Label>
			<SlidingButton
				  id="exitButton"
				  width="250"
				  height="76"
				  horizAlign="center"
				  vertAlign="center"
				  text="EXIT"
				  font="pkg:/resource/fonts/Qanelas/Qanelas-Bold.otf"
				  fontSize="36"
				  translation="[650,600]"
				  />
      <SlidingButton
				  id="continueButton"
				  width="250"
				  height="76"
			    horizAlign="center"
				  vertAlign="center"
				  text="CONTINUE"
				  font="pkg:/resource/fonts/Qanelas/Qanelas-Bold.otf"
				  fontSize="36"
				  translation="[1040,600]" />
		</Rectangle>
	</children>
</component>
