<?xml version="1.0" encoding="UTF-8"?>
<component name="SpoofModal" extends="BaseModal">
	<script type="text/brightscript" uri="pkg:/components/app/Interstitials/SpoofModal.brs"/>
	<children>
		<Rectangle
			  id="backgroundRect"
			  width="1740"
			  height="960"
			  color="0x343738"
			  translation="[90,60]">

      <Rectangle
          id="keyboardRect"
          color="0xF6F2EB"
          width="580"
          height="960">
			  <AuthKeyboard
            id="keyboard"
            initKeyBoard="true"
            translation="[90,100]" />
      </Rectangle>

			<Label
				  id="countryCodeLabel"
				  width="850"
				  height="60"
				  color="0xF6F2EB"
          horizAlign="center"
				  text="Spoofing Your Location"
				  translation="[700,50]">
				<Font role="font" uri="pkg:/resource/fonts/Qanelas/Qanelas-Bold.otf" size="50"/>
      </Label> 
			<Label
				  id="countryCodeLabel"
				  width="254"
				  height="60"
				  color="0xF6F2EB"
				  text="Country Code"
				  translation="[700,225]">
				<Font role="font" uri="pkg:/resource/fonts/Qanelas/Qanelas-Medium.otf" size="30"/>
				<Label
					  id="countryCodeField"
					  width="850"
					  height="75"
					  horizAlign="left"
					  vertAlign="center"
					  color="0xF6F2EB"
					  translation="[0,25]">
					<Font role="font" uri="pkg:/resource/fonts/Qanelas/Qanelas-Medium.otf" size="50"/>
				</Label>
				<Rectangle
					  id="textLineOne"
					  width="850"
					  height="5"
					  color="0xF6F2EB"
					  translation="[0,100]">
				</Rectangle>
			</Label>
			
			<Label
				  id="postalCodeLabel"
				  width="254"
				  height="60"
				  color="0xC4C0B8"
				  text="Postal Code"
				  translation="[700,350]">
				<Font role="font" uri="pkg:/resource/fonts/Qanelas/Qanelas-Medium.otf" size="30"/>
				<Label
					  id="postalCodeField"
					  width="850"
					  height="75"
					  horizAlign="left"
					  vertAlign="center"
					  color="0xF6F2EB"
					  translation="[0,25]">
					<Font role="font" uri="pkg:/resource/fonts/Qanelas/Qanelas-Medium.otf" size="50"/>
				</Label>
				<Rectangle
					  id="textLineTwo"
					  width="850"
					  height="5"
					  color="0xF6F2EB"
					  translation="[0,100]"
					  visible="false">
				</Rectangle>
			</Label>

			<Rectangle
          id="focusRect"
          width="4"
          height="45"
          color="0xFA4616"
          translation="[675,220]" />

      <BaseButton
				  id="saveButton"
			    labelText="SAVE"
			    buttonWidth="200"
				  translation="[700, 600]" />

      <BaseButton
				  id="clearButton"
			    labelText="CLEAR"
			    buttonWidth="200"
				  translation="[1000, 600]" />
      
		</Rectangle>
	</children>
</component>
