<?xml version="1.0" encoding="UTF-8"?>
<component name="WatchableInterstitial" extends="BaseScreen">
	<script type="text/brightscript" uri="pkg:/components/app/Interstitials/WatchableInterstitial.brs"/>
	<children>
		<Poster
        id="backgroundImage"
        loadWidth="1920"
        loadHeight="1080"
        loadDisplayMode="scaleToFill"
        />
		<Rectangle
			  id="backgroundRect"
			  width="1740"
			  height="960"
			  color="0x343738"
        opacity="0.96"
			  translation="[90,60]">
      
      <Rectangle
          id="liveBar"
          visible="false"
          width="8"
          height="960"
          color="0xFA4616"/>

			<Group id="statusSection" visible="false">
				<Label
					  id="statusLabel"
					  color="0xF6F2EB"
					  width="370"
					  height="145"
					  text="TONIGHT"
					  translation="[146,119]">
					<Font role="font" uri="pkg:/resource/fonts/Qanelas/Qanelas-Bold.otf" size="54"/>
				</Label>
				<Label
					  id="timeLabel"
					  color="0xF6F2EB"
					  width="226"
					  height="54"
					  translation="[146,174]">
					<Font role="font" uri="pkg:/resource/fonts/Qanelas/Qanelas-Regular.otf" size="54"/>
				</Label>
			</Group>
      
			<Group
          id="recordStateSection"
          visible="false"
          translation="[146, 260]">
				<Poster
            id="stateIcon"
            uri="pkg:/images/clock_blue.png"
            width="25"
            height="25" />
				<Label
            id="stateLabel"
            translation="[40,-7]">
					<Font role="font" uri="pkg:/resource/fonts/Qanelas/Qanelas-Bold.otf" size="30"/>
				</Label>
			</Group>

			<Group id="mainInfo" translation="[146,300]">
				<Label
					  id="titleLabel"
					  color="0xF6F2EB"
					  width="1200"
					  wrap="true"
					  lineSpacing="-5"
					  maxLines="2">
					<Font role="font" uri="pkg:/resource/fonts/Qanelas/Qanelas-Bold.otf" size="80"/>
				</Label>
				<Label
					  id="shortDescription"
					  translation="[0,220]"
					  width="870"
					  color="0xC4C0B8"
					  wrap="true"
					  lineSpacing="-5"
					  visible="false"
					  maxLines="2">
					<Font role="font" uri="pkg:/resource/fonts/Qanelas/Qanelas-SemiBold.otf" size="24"/>
				</Label>
				<Label
					  id="longDescription"
					  translation="[0,280]"
					  width="870"
					  color="0xF6F2EB"
					  wrap="true"
					  lineSpacing="-5"
					  maxLines="3">
					<Font role="font" uri="pkg:/resource/fonts/Qanelas/Qanelas-SemiBold.otf" size="24"/>
				</Label>
				<Label
					  id="metadataLabel"
					  translation="[0,405]"
					  width="870"
					  color="0xC4C0B8"
					  wrap="true"
					  visible="false"
					  lineSpacing="-5"
					  maxLines="3">
					<Font role="font" uri="pkg:/resource/fonts/Qanelas/Qanelas-SemiBold.otf" size="24"/>
				</Label>
				<Poster
					  id="networkLogo"
            height="120"
					  loadHeight="35"
					  translation="[0,500]"
            loadDisplayMode="scaleToFit"/>
			</Group>

			<BaseList
          id="buttonsList"
          translation="[1160,601]"
          itemWidth="435"
          itemHeight="76"
          itemSpacing="10"
          itemType="SlidingButton" />

		</Rectangle>
	</children>
</component>
