<?xml version="1.0" encoding="UTF-8"?>
<component name="ZipCodeInterstitial" extends="BaseModal">
	<script type="text/brightscript" uri="pkg:/components/app/Interstitials/ZipCodeInterstitial.brs"/>

	<children>
		<Rectangle
        id="backgroundRect"
        width="1920"
        height="1080"
        color="0x343738"
        translation="[90, 60]"
        opacity=".96">

      <Rectangle
          id="keyboardRect"
          color="0xF6F2EB"
          width="580"
          height="960">
        <AuthKeyboard
            id="keyboard"
            initKeyBoard="true"
            translation="[90,100]" />
      </Rectangle>

      <Label
          id="zipCodeLabel"
          width="254"
          height="60"
          color="0xC4C0B8"
          text="ZIP CODE"
          translation="[700,350]">
        <Label
            width="500"
            height="60"
            color="0xC4C0B8"
            text="We use this to find your area's best regional sports and channels"
            translation="[0,30]">
          <Font role="font" uri="pkg:/resource/fonts/Qanelas/Qanelas-Medium.otf" size="16"/>
        </Label>
        <Label
            id="zipCodeField"
            width="850"
            height="75"
            horizAlign="left"
            vertAlign="center"
            color="0xF6F2EB"
            translation="[0,40]">
          <Font role="font" uri="pkg:/resource/fonts/Qanelas/Qanelas-Medium.otf" size="50"/>
        </Label>
        <Rectangle
            id="textLineTwo"
            width="850"
            height="5"
            color="0xF6F2EB"
            translation="[0,100]"
            visible="true">
        </Rectangle>
      </Label>
      <Label
				  id="inputErrorField"
				  width="500"
				  height="60"
				  color="0xEE2828"
				  text=""
				  translation="[700,103]">
				<Font role="font" uri="pkg:/resource/fonts/Qanelas/Qanelas-Medium.otf" size="25"/>
			</Label>
      <Rectangle
          id="focusRect"
          width="4"
          height="45"
          color="0xFA4616"
          translation="[675,350]" />
		</Rectangle>
	</children>
</component>
