<?xml version="1.0" encoding="UTF-8"?>
<component name="DVRScreen" extends="BaseScreenWithMenu">
	<script type="text/brightscript" uri="pkg:/components/app/screens/dvrs/DVRScreen.brs"/>
  <script type="text/brightscript" uri="pkg:/components/data/dvr.brs"/>
	<children>

		<Group id="noVideo" visible="false" translation="[670,200]">
			<Label
				  id="noVideosLabel"
				  width="1000"
				  wrap="true"
				  maxLines="2"
				  text="You don't have anything recorded yet."
				  lineSpacing="-5">
				<Font role="font" uri="pkg:/resource/fonts/Qanelas/Qanelas-Bold.otf" size="86"/>
			</Label>
			<SlidingButton
				  id="browseContent"
				  text="BROWSE CONTENT"
				  width="350"
				  height="65"
          horizAlign="center"
          vertAlign="center"
          translation="[0,250]"
          bgColor="0x3A3E3F"
          font="pkg:/resource/fonts/Qanelas/Qanelas-Bold.otf"
          fontSize="30"/>
		</Group>


    <BaseList
        id="leftNav"
        itemWidth="400"
        itemHeight="50"
        itemSpacing="10"
        itemType="SlidingButton"
        translation="[90,210]"
        />

    <Group id="menuContainer" />

		<MarkupList
        id="videoList"
			  translation="[670, 212]"
			  itemComponentName="ProgramDetailTile"
			  itemSize="[1028, 145]"
			  numRows="5"
			  itemSpacing="[0, 20]"
			  vertFocusAnimationStyle="floatingFocus"
			  drawFocusFeedback="false"/>

    <StorageQuota
        id="storage"
        translation="[90,855]"/>
 
    <ClearListButton
        id="clearListBtn"
        visible="false"
        translation="[90,755]"/>
     
		<Animation
			  id="carouselsGroupAnimation"
			  duration=".35">
			<Vector2DFieldInterpolator
				  id="carouselsGroupInterp"
				  key="[0,1]"
				  fieldToInterp="carouselsGroup.translation"/>
		</Animation>

		<Animation
			  id="labelGroupAnimation"
			  duration=".5">
			<Vector2DFieldInterpolator
				  id="labelGroupInterp"
				  key="[0,1]"
				  fieldToInterp="labelGroup.translation"/>
		</Animation>
	</children>
</component>
