<?xml version="1.0" encoding="UTF-8"?>
<component name="AuthKeyboard" extends="BaseKeyBoard">
	<script type="text/brightscript" uri="pkg:/components/app/widgets/keyboard/AuthKeyboard.brs"/>
  <interface>
    <field id="toPrevCnt" type="integer" value="0" />
    <field id="toNextCnt" type="integer" value="0" />
	</interface>
	
	<children>
    <Group id="navButtons" translation="[0,630]">
      <Rectangle
          id="backButton"
          width="128"
          height="60"
          color="0x343738"
          translation="[5,0]">
        <Poster
            id="backArrow"
            width="24"
            height="15"
            uri="pkg:/images/collapse_arrow.png"
            translation="[57,40]"
            rotation="1.5708"/>
      </Rectangle>

      <Rectangle
          id="nextButton"
          width="254"
          height="60"
          color="0x343738"
          translation="[142,0]">
        <Label
            width="254"
            height="60"
            horizAlign="center"
            vertAlign="center"
            color="0xF6F2EB"
            text="NEXT">
          <Font role="font" uri="pkg:/resource/fonts/Qanelas/Qanelas-ExtraBold.otf" size="20"/>
        </Label>
      </Rectangle>
    </Group> 
	</children>
</component>
