<?xml version="1.0" encoding="UTF-8"?>
<component name="BaseKeyBoard" extends="Group">
	<script type="text/brightscript" uri="pkg:/components/app/widgets/keyboard/BaseKeyBoard.brs"/>
  <script type="text/brightscript" uri="pkg:/components/utils/array.brs"/>
  <interface>
    <field id="showCommonChars" type="boolean" value="true" />
    <field id="showEmailPrefix" type="boolean" value="true" />
    <field id="keyColor" type="color" value="0x2A2C2DFF" />
    <field id="loopKeyboard" type="boolean" value="true" />
    <!-- trigger init key function to be called -->
    <field id="initKeyBoard" type="boolean" onChange="InitKeys" />
    <field id="inputChars"   type="string"  value="" alwaysNotify="true" />
		<field id="inputKeyCnt"  type="integer" value="0" />
    <field id="deleteCnt"    type="integer" value="0" />
    <field id="clearCnt"     type="integer" value="0" />
    <field id="focus"     type="boolean" onChange="onFocusChange" />
	</interface>
	
	<children>
    <Group id="switchKeyboard" translation="[70,0]">
      <Label
          id="lowerCaseLetters"
          width="41"
          height="58"
          horizAlign="center"
          vertAlign="center"
          color="0x2A2C2D"
          text="abc"
          translation="[0,0]">
        <Font role="font" uri="pkg:/resource/fonts/Qanelas/Qanelas-Medium.otf" size="24"/>
      </Label>
      <Label
          id="upperCaseLetters"
          width="50"
          height="58"
          horizAlign="center"
          vertAlign="center"
          color="0x2A2C2D"
          text="ABC"
          translation="[90,0]">
        <Font role="font" uri="pkg:/resource/fonts/Qanelas/Qanelas-Medium.otf" size="24"/>
      </Label>
      <Label
          id="specialCharacters"
          width="40"
          height="58"
          horizAlign="center"
          vertAlign="center"
          color="0x2A2C2D"
          text="#+-"
          translation="[190,0]">
        <Font role="font" uri="pkg:/resource/fonts/Qanelas/Qanelas-Medium.otf" size="24"/>
      </Label>
    </Group>

    <Group id="keyboardGroup" translation="[0,50]" />

    <Group id="CommonUsed" translation="[-25,425]">
      <KeyboardButton
          id="period_key"
          width="58"
          height="58"
          text="."
          />
      <KeyboardButton
          id="underscore_key"
          width="58"
          height="58"
          text="_"
          translation="[40,0]"
          />
      <KeyboardButton
          id="at_key"
          width="58"
          height="58"
          text="@"
          translation="[90,0]" />
      <KeyboardButton
          id="com_key"
          width="90"
          height="58"
          text=".com"
          translation="[152,0]" />
      <KeyboardButton
          id="net_key"
          width="90"
          height="58"
          text=".net"
          translation="[242,0]" />
      <KeyboardButton
          id="edu_key"
          width="90"
          height="58"
          text=".edu"
          translation="[325,0]" />
    </Group>

    <Group id="emailPostfix" translation="[-70,480]">
      <KeyboardButton
          id="gmail_key"
          width="160"
          height="58"
          text="@gmail.com"
          fontSize="25"
          translation="[40,0]" />
      <KeyboardButton
          id="hotmail_key"
          width="160"
          height="58"
          text="@hotmail.com"
          fontSize="25"
          translation="[203,0]" />
      <KeyboardButton
          id="yahoo_key"
          width="160"
          height="58"
          text="@yahoo.com"
          fontSize="25"
          translation="[370,0]" />
    </Group>

    <Group id="actionKeys" translation="[0,550]">
      <Label
          id="space_key"
          width="63"
          height="58"
          horizAlign="center"
          vertAlign="center"
          color="0x2A2C2D"
          text="SPACE"
          translation="[63,0]">
        <Font role="font" uri="pkg:/resource/fonts/Qanelas/Qanelas-ExtraBold.otf" size="19"/>
      </Label>
      <Label
          id="delete_key"
          width="63"
          height="58"
          horizAlign="center"
          vertAlign="center"
          color="0x2A2C2D"
          text="DELETE"
          translation="[167,0]">
        <Font role="font" uri="pkg:/resource/fonts/Qanelas/Qanelas-ExtraBold.otf" size="19"/>
      </Label>
      <Label
          id="clear_key"
          width="58"
          height="58"
          horizAlign="center"
          vertAlign="center"
          color="0x2A2C2D"
          text="CLEAR"
          translation="[259,0]">
        <Font role="font" uri="pkg:/resource/fonts/Qanelas/Qanelas-ExtraBold.otf" size="19"/>
      </Label>
    </Group>

	</children>
</component>
