<?xml version="1.0" encoding="UTF-8"?>
<component name="KeyboardButton" extends="Group">
	<interface>
		<field id="focus" type="boolean" onChange="handleFocusChange"/>
		<field id="width" type="float" alias="rect.width"/>
		<field id="height" type="float" alias="rect.height" onChange="SetDimension"/>
		<field id="keyColor" type="color" onChange="SetKeyColor"/>
		<field id="text" type="string" alias="buttonLabel.text"/>
		<field id="fontSize" type="integer" onChange="handleFontSize" />
	</interface>
	<script type="text/brightscript" uri="pkg:/components/app/widgets/keyboard/KeyboardButton.brs"/>
	<children>
		<Rectangle
			  id="rect"
			  color="0xFA461600">
			<Label
				  id="buttonLabel"
          horizAlign="center"
          vertAlign="center"
			    color="0x2A2C2D">
				<Font
					  role="font"
					  uri="pkg:/resource/fonts/Qanelas/Qanelas-Medium.otf"
					  size="38"/>
			</Label>
		</Rectangle>
	</children>
</component>
