<?xml version="1.0" encoding="UTF-8"?>
<component name="SearchKeyboard" extends="BaseKeyBoard">
	<script type="text/brightscript" uri="pkg:/components/app/widgets/keyboard/SearchKeyboard.brs"/>
  <interface>
    <field id="doSearch" type="integer" value="0" />
	</interface>
	
	<children>
    <Group id="navButtons" translation="[0,625]">
      <Rectangle
          id="nextButton"
          width="346"
          height="60"
          color="0x3A3E3F"
          translation="[10,0]">
        <Label
            width="346"
            height="60"
            horizAlign="center"
            vertAlign="center"
            color="0xF6F2EB"
            text="SEARCH">
          <Font role="font" uri="pkg:/resource/fonts/Qanelas/Qanelas-ExtraBold.otf" size="20"/>
        </Label>
      </Rectangle>
    </Group> 
	</children>
</component>
