<?xml version="1.0" encoding="UTF-8"?>
<component name="SettingsScreen" extends="BaseScreenWithMenu">
	<script type="text/brightscript" uri="pkg:/components/app/screens/setting/SettingsScreen.brs"/>
	<children>
		<Group
			  id="settingsGroup"
			  translation="[90,60]">
			<Label
				  id="emailLabel"
				  width="300"
				  text="Email : "
				  translation="[0,300]"
				  color="0xF6F2EB66">
				<Font role="font" uri="pkg:/resource/fonts/Qanelas/Qanelas-Medium.otf" size="36"/>
				<Label
					  id="userEmailLabel" 
					  translation="[325,0]"
					  color="0xF6F2EB">
					<Font role="font" uri="pkg:/resource/fonts/Qanelas/Qanelas-Medium.otf" size="36"/>
				</Label>
			</Label>
			<Label
				  id="subscriptionLabel"
				  width="300"
				  translation="[0,386]"
				  text="Subscription : "
				  color="0xF6F2EB66">
				<Font role="font" uri="pkg:/resource/fonts/Qanelas/Qanelas-Medium.otf" size="36"/>
				<Label
					  id="planLabel" 
					  translation="[325,0]"
					  text="fubo Premiere"
					  color="0xF6F2EB">
					<Font role="font" uri="pkg:/resource/fonts/Qanelas/Qanelas-Medium.otf" size="36"/>
				</Label>
				<Label
					  id="addonLabel"
					  translation="[325,50]"
					  width="1000"
					  wrap="true"
					  wordBreakChars=" "
					  color="0xF6F2EB">
					<Font role="font" uri="pkg:/resource/fonts/Qanelas/Qanelas-Medium.otf" size="30"/>
				</Label>
				<Label
					  id="mgtLabel" 
					  translation="[325,130]"
					  text="Please visit fubo.tv to manage your account and subscription"
					  color="0xF6F2EB88">
					<Font role="font" uri="pkg:/resource/fonts/Qanelas/Qanelas-Medium.otf" size="30"/>
				</Label>
			</Label>

			<Label
				  id="languageLabel"
				  width="300"
				  translation="[0,580]"
				  text="Language : "
				  color="0xF6F2EB66">
				<Font role="font" uri="pkg:/resource/fonts/Qanelas/Qanelas-Medium.otf" size="36"/>
				<Label
					  id="userLanguageLabel" 
					  translation="[325,0]"
					  text="English"
					  color="0xF6F2EB">
					<Font role="font" uri="pkg:/resource/fonts/Qanelas/Qanelas-Medium.otf" size="36"/>
				</Label>
			</Label>
      
			<Label
				  id="helpLabel"
				  width="300"
				  translation="[0,660]"
				  text="Help : "
				  color="0xF6F2EB66">
				<Font role="font" uri="pkg:/resource/fonts/Qanelas/Qanelas-Medium.otf" size="36"/>
				<Label
					  id="helpExplanationLabel" 
					  translation="[325,0]"
					  text="Please visit support.fubo.tv"
					  color="0xF6F2EB">
					<Font role="font" uri="pkg:/resource/fonts/Qanelas/Qanelas-Medium.otf" size="36"/>
				</Label>
			</Label>
      
			<Label
				  id="termsOfService"
				  width="300"
				  translation="[0,730]"
				  height="50"
				  text="Terms of Service : "
				  color="0xF6F2EB66">
				<Font role="font" uri="pkg:/resource/fonts/Qanelas/Qanelas-Medium.otf" size="36"/>
				<Label
					  id="fuboTOSLabel" 
					  translation="[325,0]"
					  text="fubo.tv/documents/terms-of-service"
					  color="0xF6F2EB">
					<Font role="font" uri="pkg:/resource/fonts/Qanelas/Qanelas-Medium.otf" size="36"/>
				</Label>
			</Label>
      
			<Label
				  id="privacyPolicy"
				  width="300"
				  translation="[0,780]"
				  height="50"
				  text="Privacy Policy : "
				  color="0xF6F2EB66">
				<Font role="font" uri="pkg:/resource/fonts/Qanelas/Qanelas-Medium.otf" size="36"/>
				<Label
					  id="fuboPrivacyPolicyLabel" 
					  translation="[325,0]"
					  text="fubo.tv/documents/privacy-policy"
					  color="0xF6F2EB">
					<Font role="font" uri="pkg:/resource/fonts/Qanelas/Qanelas-Medium.otf" size="36"/>
				</Label>
			</Label>

			<Label
				  id="appVersion"
				  width="300"
				  translation="[0,830]"
				  height="50"
				  text="App Version : "
				  color="0xF6F2EB66">
				<Font role="font" uri="pkg:/resource/fonts/Qanelas/Qanelas-Medium.otf" size="36"/>
				<Label
					  id="appVersionLabel" 
					  translation="[325,0]"
					  text=""
					  color="0xF6F2EB">
					<Font role="font" uri="pkg:/resource/fonts/Qanelas/Qanelas-Medium.otf" size="36"/>
				</Label>
			</Label>

			<SlidingButton
				  id="signOutButton"
				  width="400"
				  height="76"
				  horizAlign="center"
				  vertAlign="center"
				  text="SIGN OUT"
				  font="pkg:/resource/fonts/Qanelas/Qanelas-Bold.otf"
				  fontSize="36"
				  translation="[1160,704]">
			</SlidingButton>
		</Group>
    <Group id="menuContainer" />
	</children>
</component>
