<?xml version="1.0" encoding="UTF-8"?>
<component name="SignOutScreen" extends="BaseScreen" >
	<script type="text/brightscript" uri="pkg:/components/app/screens/setting/SignOutScreen.brs"/>
	<children>
		<Rectangle
			id="backgroundRectangle"
			width="1920"
			height="1080"
			color="0x000000AA"/>
		<Label   
			id="confirmationLabel"
			text="Are you sure you want to sign out?"
			color="0x808080"
			translation="[0, 405]"
			horizAlign="center"
			vertAlign="center"
			width="1920">
			<Font role="font" uri="pkg:/resource/fonts/roboto/Roboto-Bold.ttf" size="28"/>
		</Label>
		<ResizingButton
			id="signOutButton"
			labelText="Sign Out"
			buttonWidth="480"
			translation="[720,480]"
			focusedLabelColor="0xF6F2EB"
			focusedBackgroundColor="0xFA4616"
			focus="true">
		</ResizingButton>
		<ResizingButton
			id="cancelButton"
			labelText="Cancel"
			buttonWidth="480"
			focusedLabelColor="0xF6F2EB"
			focusedBackgroundColor="0xFA4616"
			translation="[720,596]">
		</ResizingButton>
	</children>
</component>
