<?xml version="1.0" encoding="UTF-8"?>
<component name="Carousel" extends="Group">
	<interface>
		<field id="itemWidth"         type="integer"/>
		<field id="itemHeight"        type="integer"/>
		<field id="horizSpacing"      type="integer"/>
		<field id="vertSpacing"       type="integer"/>
		<field id="itemType"       type="string"/>
		<field id="numItems"          type="integer"/>
		<field id="xPos"              type="integer"/>
		<field id="yPos"              type="integer"/>
		<field id="index"             type="integer"/>
		<field id="startTransIndex"   type="integer" value="1"/>
		<field id="pageScrollCount"   type="integer" value="4" />
		<field id="carouselType"      type="string"/>
		<field id="carouselLabelText" type="string"     alias="carouselLabel.text"/>
		<field id="setFields"         type="boolean"    onChange="SetCarouselFields"/>
		<field id="data"              type="array"      onChange="PopulateCarousel"/>
		<field id="focus"             type="boolean"    onChange="handleFocusChange" alwaysNotify="true"/>
		<field id="itemFocused"       type="node"/>
		<field id="itemSelected"      type="node"/>
	</interface>
	<script type="text/brightscript" uri="pkg:/components/app/widgets/carousel/Carousel.brs"/>
	<script type="text/brightscript" uri="pkg:/components/utils/image.brs"/>
	<script type="text/brightscript" uri="pkg:/components/utils/animations.brs"/>
	<children>
		<Label
			  id="carouselLabel"
			  width="400"
			  height="40"
	    	color="0xF6F2EB">
			<Font role="font" uri="pkg:/resource/fonts/Qanelas/Qanelas-ExtraBold.otf" size="36"/>
		</Label>
		<Group
			  id="carouselGroup"/>
		<Timer
			  id="buttonPressTimer"
			  duration=".36"
			  repeat="false"/>
		<Animation
			  id="carouselAnimation"
			  duration=".35">
			<Vector2DFieldInterpolator
				  id="carouselInterp"
				  key="[0,1]"
				  fieldToInterp="carouselGroup.translation"/>
		</Animation>
	</children>
</component>
