<?xml version="1.0" encoding="UTF-8"?>
<component name="EventLargeTile" extends="Group">
	<interface>
		<field id="isLive" type="boolean" alias="liveRectBar.visible" />
		<field id="statusLabelText" type="string" alias="statusLabel.text" onChange="handleTextChange"/>
		<field id="timeLabelText" type="string"  alias="timeLabel.text" />
		<field id="tileImageUri" type="uri" alias="tileImage.uri"/>
		<field id="firstTeamLogo" type="uri" alias="firstTeamLogo.uri" onChange="handleTeamLogoChange"/>
		<field id="teamVsLogo" type="uri" alias="teamVsLogo.uri"/>
		<field id="secondTeamLogo" type="uri" alias="secondTeamLogo.uri"/>
		<field id="networkLogo" type="uri" alias="networkLogo.uri"/>
		<field id="detailsLabelText" type="string" alias="detailsLabel.text"/>
		<field id="titleLabelText" type="string" alias="titleLabel.text"/>
		<field id="parentType" type="string" value="carousel" />
		<field id="itemContent" type="node" onChange="itemContentChanged"/>
		<field id="gridHasFocus" type="boolean" onChange="handleFocusChange"/>
    <field id="focusPercent" type="float" onChange="changeFocusSetting"/>
		<field id="focus" type="boolean" onChange="handleFocusChange" value="false" alwaysNotify="false"/>
	</interface>
	<script type="text/brightscript" uri="pkg:/components/app/widgets/carousel/EventLargeTile.brs"/>
	<children>
   	<Rectangle
   			id="hiddenRect"
   			width="415"
   			height="485"
   			color="0x3A3E3F">
   	</Rectangle>
		<Group
   			clippingRect="[0,0,415,283]">
			<Poster
				  id="tileImage"
				  loadWidth="415"
				  loadHeight="233"
				  loadDisplayMode="scaleToFit">
			</Poster>
			<Rectangle
				  id="teamLogoMask"
				  width="415"
				  height="233"
				  opacity="0.0"
				  color="0x1C1C1C"
			    />
			<Poster
				  id="firstTeamLogo"
				  loadWidth="150"
				  loadHeight="150"
				  translation="[20, 70]"
				  loadDisplayMode="scaleToFit">
			</Poster>
			<Poster
				  id="teamVsLogo"
				  loadWidth="50"
				  loadHeight="50"
				  translation="[185, 115]"
				  loadDisplayMode="scaleToFit">
			</Poster>
			<Poster
				  id="secondTeamLogo"
				  loadWidth="150"
				  loadHeight="150"
				  translation="[250, 70]"
				  loadDisplayMode="scaleToFit">
			</Poster>
			<AnimationRectangle
				  id="statusRect"
			    translation="[0,233]"
			    width="415"
			    height="50"
			    color="0x2B2D2E">
			  <Rectangle
		    		id="liveRectBar"
		    		width="4"
		    		height="50"
		    		color="0xFA4616">
			    <AnimationRectangle
		    		  id="liveRect"
		    		  translation="[0,50]"
		    		  width="415"
		    		  height="50"
		    		  color="0xFA4616" />
        </Rectangle>
		    <AnimationLabel
		    		id="statusLabel"
				    color="0xF6F2EB"
				    width="415"
				    height="50"
				    translation="[25,0]"
				    vertAlign="center"
				    font="pkg:/resource/fonts/Qanelas/Qanelas-Black.otf"
				    fontSize="28">
				</AnimationLabel>
				<Label
					  id="timeLabel"
					  translation="[125,-2]"
					  width="415"
					  height="50"
					  color="0xF6F2EB"
					  vertAlign="center">
					<Font role="font" uri="pkg:/resource/fonts/Qanelas/Qanelas-Medium.otf" size="28"/>
				</Label>
			</AnimationRectangle>
		</Group>
		<Group
			  id="itemInfoGroup"
			  translation="[0,283]"
			  clippingRect="[0,0,415,202]">
    	<SlidingRectangle
    			id="slidingRect"
			    width="415"
			    height="202"
			    color="0xF6F2EB">
    	</SlidingRectangle>
			<Poster
				  id="networkLogo"
				  height="40"
				  width="100"
				  translation="[280, 150]"
				  loadDisplayMode="scaleToFit" />
	    <AnimationLabel
	    		id="titleLabel"
			    color="0xF6F2EB"
			    width="361"
			    translation="[25,18]"
			    font="pkg:/resource/fonts/Qanelas/Qanelas-ExtraBold.otf"
			    fontSize="34"
			    wrap="true"
	    		lineSpacing="-5"
    			maxLines="2">
		    <AnimationLabel
		    		id="detailsLabel"
				    translation="[0,86]"
				    width="375"
				    height="202"
				    color="0xC4C0B8"
					  font="pkg:/resource/fonts/Qanelas/Qanelas-Medium.otf"
					  fontSize="22">
				</AnimationLabel>
			</AnimationLabel>
		</Group>
		
		<Timer
			  id="visibilityTimer"
			  duration=".25"
			  repeat="false"/>
	</children>
</component>
