<?xml version="1.0" encoding="UTF-8"?>
<component name="EventSmallTile" extends="Group">
	<interface>
    <field id="isLive"           type="boolean" alias="liveRect.visible"/>
		<field id="statusLabelText"  type="string"  alias="statusLabel.text" onChange="handleStatusText"/>
		<field id="timeLabelText"    type="string"  alias="timeLabel.text"/>
		<field id="tileImageUri"     type="uri"     alias="tileImage.uri"/>
		<field id="detailsLabelText" type="string"  alias="detailsLabel.text"/>
		<field id="titleLabelText"   type="string"  alias="titleLabel.text" />
	  <field id="focusPercent"     type="float"   onChange="showfocus"/>		
		<field id="focus"            type="boolean" onChange="handleFocusChange" value="false" alwaysNotify="false"/>
		<field id="direction"        type="string"/>
	</interface>
	<script type="text/brightscript" uri="pkg:/components/app/widgets/carousel/EventSmallTile.brs"/>
	<children>
		<Group
   			id="itemStatusGroup"
   			clippingRect="[0,0,883,145]">
			<AnimationRectangle
				  id="statusRect"
			    translation="[0,0]"
			    width="185"
			    height="145"
			    color="0x2B2D2E">
			  <AnimationRectangle
		    		id="liveRect"
		    		translation="[-181,0]"
		    		width="185"
		    		height="145"
		    		color="0xFA4616">
	    	</AnimationRectangle>
		    <Label
		    		id="statusLabel"
				    color="0xF6F2EB"
				    width="160"
				    translation="[25,18]"
				    wrap="true"
				    lineSpacing="-12"
				    numLines="2">
					<Font role="font" uri="pkg:/resource/fonts/Qanelas/Qanelas-Black.otf" size="32"/>
				</Label>
		    <Label
		    		id="timeLabel"
				    translation="[25,55]"
				    width="185"
				    height="100"
				    color="0xF6F2EB">
					<Font role="font" uri="pkg:/resource/fonts/Qanelas/Qanelas-Medium.otf" size="32"/>
				</Label>
				<Rectangle
					  id="placeholder"
					  width="258"
					  height="145"
					  color="0x2A2C2D"
					  translation="[185,0]"/>
				<Poster
					  id="tileImage"
					  loadWidth="258"
					  loadHeight="145"
					  loadDisplayMode="scaleToFill"
					  translation="[185,0]">
				</Poster>
			</AnimationRectangle>
			<Group
				  id="itemInfoGroup"
				  translation="[443,0]"
				  clippingRect="[0,0,440,145]">
	    	<Rectangle
	    			id="hiddenRect"
	    			width="440"
	    			height="145"
	    			translation="[0,0]"
	    			color="0x3A3E3F">
	    	</Rectangle>
	    	<SlidingRectangle
	    			id="slidingRect"
				    width="440"
				    height="145"
				    color="0xF6F2EB">
	    	</SlidingRectangle>
		    <AnimationLabel
		    		id="titleLabel"
				    color="0xF6F2EB"
				    width="392"
				    translation="[25,18]"
				    font="pkg:/resource/fonts/Qanelas/Qanelas-ExtraBold.otf"
				    fontSize="34"
		    		wrap="true"
	    			lineSpacing="-12"
	    			maxLines="2">
			    <AnimationLabel
			    		id="detailsLabel"
					    translation="[0,78]"
					    width="392"
					    color="0xC4C0B8"
						  font="pkg:/resource/fonts/Qanelas/Qanelas-Medium.otf"
						  fontSize="22">
					</AnimationLabel>
				</AnimationLabel>
			</Group>
   	</Group>
		
		<Timer
			  id="visibilityTimer"
			  duration=".25"
			  repeat="false"/>
	</children>
</component>
