<?xml version="1.0" encoding="UTF-8"?>
<component name="MovieTile" extends="Group">
	<interface>
		<field id="isLive" type="boolean" alias="liveRect.visible"/>
		<field id="statusLabelText" type="string" alias="statusLabel.text" onChange="handleTextChange" />
		<field id="timeLabelText" type="string" alias="timeLabel.text"/>
		<field id="tileImageUri" type="uri" alias="tileImage.uri"/>
		<field id="networkLogo" type="uri" alias="networkLogo.uri"/>
		<field id="detailsLabelText" type="string" alias="detailsLabel.text"/>
		<field id="titleLabelText" type="string" alias="titleLabel.text"/>
		<field id="parentType" type="string" value="carousel" />
		<field id="itemContent" type="node" onChange="itemContentChanged"/>
		<field id="gridHasFocus" type="boolean" onChange="handleFocusChange"/>
	  <field id="focusPercent" type="float" onChange="changeFocusSetting"/>
		<field id="focus" type="boolean" onChange="handleFocusChange"/>
		<field id="direction"        type="string"/>
	</interface>
	<script type="text/brightscript" uri="pkg:/components/app/widgets/carousel/MovieTile.brs"/>
	<children>
   	<Rectangle
   			id="backgroundRect"
   			width="415"
   			height="553"
			  color="0x2A2C2D"
   			clippingRect="[0,0,415,603]">
			<Poster
				  id="tileImage"
				  loadWidth="415"
				  loadHeight="553"
				  loadDisplayMode="scaleToFill">
			</Poster>
			<AnimationRectangle
				  id="statusRect"
			    translation="[0,553]"
			    width="415"
			    height="51"
          color="0x2B2D2E"
          clippingRect="[0,0,415,252]">
        <AnimationRectangle
            id="liveRect"
            translation="[-411,0]"
            width="415"
            height="50"
            color="0xFA4616" />
        <AnimationLabel
            id="statusLabel"
            color="0xF6F2EB"
            width="415"
            height="50"
            vertAlign="center"
            translation="[25,0]"
            font="pkg:/resource/fonts/Qanelas/Qanelas-Black.otf"
            fontSize="27">
          <Label
              id="timeLabel"
              translation="[125,-2]"
              width="200"
              height="50"
              color="0xF6F2EB"
              vertAlign="center">
            <Font role="font" uri="pkg:/resource/fonts/Qanelas/Qanelas-Medium.otf" size="27"/>
          </Label>
        </AnimationLabel>

        <Rectangle
            id="slidingRect"
            width="415"
            height="202"
            color="0xF6F2EB"
            translation="[0,50]">
          <Poster
              id="networkLogo"
              height="40"
              width="100"
              translation="[280, 150]"
              loadDisplayMode="scaleToFit" />
          <AnimationLabel
              id="titleLabel"
              color="0x2A2C2D"
              width="361"
              translation="[25,18]"
              font="pkg:/resource/fonts/Qanelas/Qanelas-ExtraBold.otf"
              fontSize="34"
              wrap="true"
              lineSpacing="-5"
              maxLines="2" />
          <AnimationLabel
              id="detailsLabel"
              translation="[25,104]"
              width="375"
              wrap="true"
              lineSpacing="-5"
              maxLines="2"
              color="0xC4C0B8"
              font="pkg:/resource/fonts/Qanelas/Qanelas-Medium.otf"
              fontSize="22" />
        </Rectangle>
        
      </AnimationRectangle>
      
    </Rectangle>
  </children>
</component>
