<?xml version="1.0" encoding="UTF-8"?>
<component name="PastEventTile" extends="Group">
  <interface>
    <field id="statusLabelText"  type="string"  alias="statusLabel.text" onChange="handleLabelEnded" />
    <field id="timeLabelText"    type="string"  alias="timeLabel.text"/>
    <field id="networkLogo"      type="uri"     alias="networkLogo.uri"/>
    <field id="firstTeamLogo"     type="uri"     alias="firstTeamLogo.uri" onChange="handleContentChange" alwaysNotify="true"/>
    <field id="teamVsLogo"     type="uri"     alias="teamVsLogo.uri"/>
    <field id="secondTeamLogo"     type="uri"     alias="secondTeamLogo.uri"/>
    <field id="tileImageUri"     type="uri"     alias="tileImage.uri"/>
    <field id="detailsLabelText" type="string"  alias="detailsLabel.text"/>
    <field id="titleLabelText"   type="string"  alias="titleLabel.text"/>
    
    <field id="focus"     type="boolean" onChange="handleFocusChange" value="false" alwaysNotify="false"/>
    <field id="direction" type="string"/>
  </interface>
  <script type="text/brightscript" uri="pkg:/components/app/widgets/carousel/PastEventTile.brs"/>
	<children>
		<Group
			id="tileImageGroup"
			clippingRect="[0,0,825,464]">
			<Rectangle
				id="placeholder"
				width="825"
				height="464"
				color="0x2A2C2D"/>
			<Poster
				id="tileImage"
				loadWidth="825"
				loadHeight="464"
				loadDisplayMode="scaleToFill">
			</Poster>
			<Rectangle
				id="teamLogoMask"
				width="825"
				height="464"
				opacity="0.0"
				color="0x1C1C1C"
			/>
			<Poster
				id="firstTeamLogo"
				loadWidth="250"
				loadHeight="250"
				translation="[130, 120]"
				loadDisplayMode="scaleToFit">
			</Poster>
			<Poster
				  id="teamVsLogo"
				  loadWidth="50"
				  loadHeight="50"
				  translation="[405, 200]"
				  loadDisplayMode="scaleToFit">
			</Poster>
			<Poster
				id="secondTeamLogo"
				loadWidth="250"
				loadHeight="250"
				translation="[480, 120]"
				loadDisplayMode="scaleToFit">
			</Poster>
		</Group>
		<AnimationRectangle
			id="statusRect"
		    width="185"
		    height="145"
		    color="0x2B2D2E"
		    translation="[40,350]">
	    	<Label
	    		id="statusLabel"
			    color="0xF6F2EB"
			    width="175"
			    translation="[25,18]"
			    wrap="true"
			    lineSpacing="-5"
			    numLines="2">
				<Font role="font" uri="pkg:/resource/fonts/Qanelas/Qanelas-Bold.otf" size="32"/>
			</Label>
	    	<Label
	    		id="timeLabel"
			    translation="[25,48]"
			    width="185"
			    height="100"
			    color="0xF6F2EB">
				<Font role="font" uri="pkg:/resource/fonts/Qanelas/Qanelas-SemiBold.otf" size="32"/>
			</Label>
    		<Rectangle
    			id="hiddenRect"
    			width="560"
    			height="145"
    			color="0x3A3E3F"
    			translation="[184,0]">
	    		<SlidingRectangle
	    			id="slidingRect"
				    width="560"
				    height="145"
				    color="0xF6F2EB"
				    translation="[0,0]"
				    clippingRect="[0,0,560,145]">
	    		</SlidingRectangle>
				<Poster
					id="networkLogo"
					height="40"
					width="100"
					translation="[450,100]"
					loadDisplayMode="scaleToFit" />
		    	<AnimationLabel
		    		id="titleLabel"
				    color="0xF6F2EB"
				    width="500"
				    translation="[25,18]"
				    font="pkg:/resource/fonts/Qanelas/Qanelas-ExtraBold.otf"
				    fontSize="34"
		    		wrap="true"
	    			lineSpacing="-9"
	    			maxLines="2">
			    	<AnimationLabel
			    		id="detailsLabel"
					    translation="[0,73]"
					    width="375"
					    color="0xC4C0B8"
					    wrap="true"
					    lineSpacing="-7"
					    maxLines="2"
						font="pkg:/resource/fonts/Qanelas/Qanelas-Medium.otf"
						fontSize="22">
					</AnimationLabel>
				</AnimationLabel>
    		</Rectangle>
		</AnimationRectangle>
		
		<Timer
			id="visibilityTimer"
			duration=".25"
			repeat="false"/>
	</children>
</component>
