<?xml version="1.0" encoding="UTF-8"?>
<component name="InstallUpdateCTA" extends="BaseModal">
	<script type="text/brightscript" uri="pkg:/components/utils/array.brs"/>
	<script type="text/brightscript" uri="pkg:/components/app/Interstitials/install_update/InstallUpdateCTA.brs"/>
	<script type="text/brightscript" uri="pkg:/components/app/Interstitials/install_update/config.brs"/>
	<script type="text/brightscript" uri="pkg:/components/utils/array.brs"/>
	<children>
		<Rectangle
			  id="backgroundRect"
			  width="1920"
			  height="1080"
			  color="0x2B2D2E"
			  />

    <Poster
        id="slideImage"
        translation="[100, 250]"
        width="1300"
        height="900"
        loadSync="true"
        loadDisplayMode="scaleToFit"
        />

		<Label
				id="titleLabel"
				width="740"
				height="300"
				color="0xF6F2EB"
        wrap="true"
				text=""
				translation="[100,100]">
			  <Font role="font" uri="pkg:/resource/fonts/Qanelas/Qanelas-ExtraBold.otf" size="100"/>
    </Label>

		<Label
				id="subTitleLabel"
				width="920"
				height="200"
				color="0xF6F2EB"
        wrap="true"
				text=""
				translation="[100,200]">
			<Font role="font" uri="pkg:/resource/fonts/Qanelas/Qanelas-Medium.otf" size="40"/>
		</Label>

		<Label
				id="rightTopLabel"
				width="650"
				height="200"
				color="0xF6F2EB"
        wrap="true"
				text=""
				translation="[800,200]">
			<Font role="font" uri="pkg:/resource/fonts/Qanelas/Qanelas-Medium.otf" size="40"/>
		</Label>

		<Label
				id="rightLabel"
				width="350"
				height="200"
				color="0xF6F2EB"
        wrap="true"
				text=""
				translation="[1500,400]">
			<Font role="font" uri="pkg:/resource/fonts/Qanelas/Qanelas-Medium.otf" size="40"/>
		</Label>

		<Group
        id="rectDots"
        translation="[1600,120]" />

    <BaseButton
				id="nextButton"
			  labelText="NEXT"
			  buttonWidth="181"
        buttonHeight="70"
				translation="[1600, 700]" />

    <BaseButton
				id="skipButton"
			  labelText="SKIP"
			  buttonWidth="181"
        buttonHeight="70"
				translation="[1600, 800]" />

	</children>
</component>
