<?xml version="1.0" encoding="UTF-8"?>
<component name="BaseScene" extends="Scene">
	<script type="text/brightscript" uri="common:/LibCore/v30/bslCore.brs" />
	<script type="text/brightscript" uri="pkg:/components/app/scenes/BaseScene.brs" />
	<script type="text/brightscript" uri="pkg:/components/utils/strings.brs"/>
  <script type="text/brightscript" uri="pkg:/components/utils/app.brs" />
  <script type="text/brightscript" uri="pkg:/components/utils/navigator.brs" />
  <script type="text/brightscript" uri="pkg:/components/utils/log.brs" />

	<interface>
		<field id="name" type="string" />
		<field id="lifecycle" type="string" onChange="handleLifecycle" />
		<field id="loading" type="boolean" onChange="handleLoading" alwaysNotify="true" />
	</interface>
	
	<children>
		<Group id="screens" translation="[0,0]" />
	</children>
</component>
