<?xml version="1.0" encoding="UTF-8"?>
<component name="MainScene" extends="BaseScene">
	<script type="text/brightscript" uri="common:/LibCore/v30/bslCore.brs"/>
	<script type="text/brightscript" uri="pkg:/components/app/scenes/MainScene.brs"/>
	<interface>
		<field id="exitApplication" type="boolean"/>
	</interface>
	<children>
		<Group id="base"/>
		<LoadingOverlay id="loadingIndicator" />
		<Label
			id="envLabel"
			color="0xFA4616"
			height="50"
			width="100"
			text=""
			visible="false"
			translation="[0,0]">
			<Font role="font" uri="pkg:/resource/fonts/Qanelas/Qanelas-Bold.otf" size="50"/>
		</Label>
	</children>
</component>
