<?xml version="1.0" encoding="UTF-8"?>
<component name="HttpService" extends="Task">
	<interface>
		<field id="request" type="assocarray" alwaysNotify="true" />
		<field id="requestData" type="assocarray" />
		<field id="errorData" type="assocarray" />
	</interface>
	
  <script type="text/brightscript" uri="pkg:/components/utils/strings.brs" />
  <script type="text/brightscript" uri="pkg:/components/utils/log.brs" />
	<script type="text/brightscript" uri="pkg:/components/app/services/HttpService.brs" />
	
</component>
