<?xml version="1.0" encoding="UTF-8"?>
<component name="SportsFilter" extends="Group">
	<interface>
		<field id="selectedSport"   type="assocarray" />
		<field id="selectedLeague"  type="assocarray" />
		<field id="noEvents" type="boolean" onChange="handleEventsFilterStatus" alwaysNotify="true" />
    <field id="sports" type="array" />
    <field id="leagues" type="array" onChange="handleLeaguesSet" />
		<field id="focus" type="boolean" onChange="handleFocusChange" />
	</interface>
	<script type="text/brightscript" uri="pkg:/components/app/screens/sports/components/SportsFilter.brs"/>
	<children>

		<DropDownButton
			  id="sportMenu"
        labelText="" />

	  <SlidingButton
			  id="leagueMenu"
 			  translation="[0,70]"
			  width="480"
			  height="70"
        font="pkg:/resource/fonts/Qanelas/Qanelas-Bold.otf"
        fontSize="40"
        vertAlign="center"
        labelTranslation="[60,0]">
			<Poster
        	id="icon"
 			    uri="pkg:/images/league_icon.png"
        	translation="[10,20]"
        	width="30"
        	height="30"/>
		</SlidingButton> 

		<BaseList
			  id="sports"
			  translation="[0,90]"
			  itemShowCount="12"
        jumpCount="3"
			  itemType="SlidingButton"
			  itemWidth="380"
			  itemHeight="50"
			  itemSpacing="20"
			  />
		<BaseList
			  id="leagues"
			  itemShowCount="12"
        jumpCount="3"
			  translation="[0,90]"
			  itemWidth="380"
			  itemHeight="50"
			  itemSpacing="20"
			  itemType="SlidingButton"
			  />
	</children>
</component>
