<?xml version="1.0" encoding="UTF-8"?>
<component name="NetworkDetailNav" extends="Group">
	<script type="text/brightscript" uri="pkg:/components/app/screens/networks/components/NetworkDetailNav.brs"/>
  <interface>
    <field id="network" type="assocarray" onChange="handleNetworkContent" />
    <field id="selectedItem" type="string" />
    <field id="focus" type="boolean" onChange="handleFocusChange" alwaysNotify="true"/>
  </interface>
	<children>
    <Poster
    		id="networkLogo"
		    translation="[100,137]"
        loadDisplayMode="scaleToFit"
        width="200"
		    height="79"/>
    <Label
    		id="descriptionLabel"
		    translation="[100,260]"
		    width="380"
        height="180"
        wrap="true"
        lineSpacing="-1"
		    color="0xC4C0B8">
			<Font role="font" uri="pkg:/resource/fonts/Montserrat/Montserrat-Regular.ttf" size="22"/>
		</Label>

    <Rectangle
        id="bar"
        height="2"
        width="400"
        translation="[90,450]"
        color="0xC4C0B8"
        />
    <BaseList
        id="menuNav"
        itemWidth="400"
        itemHeight="60"
        itemSpacing="10"
        jumpCount="3"
        itemType="SlidingButton"
        translation="[100,480]"
        itemShowCount="8"
        />

    <StationPicker
        id="stationPicker"
        translation="[100, 0]"
        visible="false" />
	</children>
</component>
