<?xml version="1.0" encoding="UTF-8"?>
<component name="NetworkTile" extends="Group">
  <interface>
    <field id="itemContent" type="node" onChange="showContent"/>
    <field id="gridHasFocus" type="boolean" onChange="onFocusChange"/>
    <field id="focusPercent" type="float" onChange="onFocusChange"/>
  </interface>
  <script type="text/brightscript" uri="pkg:/components/app/screens/networks/components/NetworkTile.brs"/>
  
  <children>
    <Group id="whiteLogoGroup">
      <Rectangle
          id="whiteLogoRect"
          width="290"
          height="134"
          color="0x2B2D2E" />
      <Poster
          id="whiteLogoPoster"
          width="150"
          height="40"
          translation="[70,47]"
          loadDisplayMode="scaleToFit" />
    </Group>
    
    <Group id="darkLogoGroup"
           translation="[-10,-10]">
      <Rectangle
          id="darkLogoRect"
          width="310"
          height="154"
          visible="false"
          color="#F6F2EB" />
      <Poster
          id="darkLogoPoster"
          width="150"
          height="40"
          translation="[80,57]"
          visible="false"
          loadDisplayMode="scaleToFit" />
    </Group>
  </children>
</component>
