<?xml version="1.0" encoding="UTF-8"?>
<component name="ShowAndMovieGrid" extends="Group">
	<script type="text/brightscript" uri="pkg:/components/app/screens/networks/components/ShowAndMovieGrid.brs"/>
  <script type="text/brightscript" uri="pkg:/components/utils/image.brs" />
  <interface>
    <field id="content" type="assocarray" onChange="handleContentSet" />
    <field id="selectedItem" type="assocarray" />
    <field id="focus" type="boolean" onChange="handleFocusChange" />
  </interface>
	<children>
    <Group id="showGroup">
      <Label
    		  id="showLabel"
		      width="135"
          height="40"
          text="SERIES"
          visible="false"
		      color="0xF6F2EB">
			  <Font role="font" uri="pkg:/resource/fonts/Qanelas/Qanelas-Black.otf" size="36"/>
		  </Label>

 		  <MarkupGrid
			    id="showsGrid"
			    translation="[0,70]"
			    itemComponentName="EventLargeTile"
			    itemSize="[415,405]"
			    numRows="0"
			    numColumns="3"
			    itemSpacing="[20,20]"
			    vertFocusAnimationStyle="floatingFocus"
			    drawFocusFeedback="false"/>
    </Group>
    
    <Group id="movieGroup" translation="[0,0]">
      <Label
    		  id="movieLabel"
		      width="135"
          height="40"
          text="MOVIES"
          visible="false"
		      color="0xF6F2EB">
			  <Font role="font" uri="pkg:/resource/fonts/Qanelas/Qanelas-Black.otf" size="36"/>
		  </Label>

		  <MarkupGrid
          id="moviesGrid" 
			    translation="[0,70]"  
			    itemComponentName="MovieTile"
			    itemSize="[415, 603]"
			    numRows="2"
			    numColumns="3"
			    itemSpacing="[30,30]"
			    vertFocusAnimationStyle="floatingFocus"
			    drawFocusFeedback="false"/>
    </Group>
    
	</children>
</component>
