<?xml version="1.0" encoding="UTF-8"?>
<component name="StationPicker" extends="Group">
	<script type="text/brightscript" uri="pkg:/components/app/screens/networks/components/StationPicker.brs"/>
  <interface>
    <field id="stations" type="array" onChange="RenderStations" />
    <field id="stationIndex" type="integer" />
    <field id="backToMainMenu" type="integer" value="0" />
    <field id="focus" type="boolean" onChange="handleFocusChange" alwaysNotify="true" />
  </interface>
	<children>
    <Group id="collapsedGroup">
      <SlidingButton
          id="collapsedButton"
          width="340"
          height="60">
		    <Poster
            id="collapsedImage"
            uri="pkg:/images/season_menu.png"
            width="30"
            height="27"
            translation="[20,15]"/>
		    <Label
            id="collapsedLabel"
			      color="0xF6F2EB"
            width="340"
            height="50"
            text="VIEW SCHEDULES"
            translation="[65,10]">
          <Font
					    role="font"
					    uri="pkg:/resource/fonts/Qanelas/Qanelas-Bold.otf"
					    size="30"/>
        </Label>
      </SlidingButton>
    </Group>

    <Group id="expandedGroup" translation="[-50,-600]">
      <SlidingButton
          id="backButton"
          width="200"
          height="60">
			  <Poster
            id="backArrow"
            width="24"
            height="15"
            uri="pkg:/images/collapse_arrow.png"
            translation="[20,42]"
            rotation="1.5708"/>
        <Label
    		    id="backLabel"
		        translation="[60,10]"
            width="140"
            text="BACK"
		        color="0xF6F2EB">
			    <Font role="font" uri="pkg:/resource/fonts/Qanelas/Qanelas-Black.otf" size="30"/>
		    </Label>
			</SlidingButton>

      <BaseList
          id="stationList"
          translation="[0,120]"
          jumpCount="3"
			    itemType="SlidingButton"
          itemWidth="400"
          itemHeight="60"
          itemSpacing="10"
			    itemShowCount="12"/>
    </Group>
	</children>
</component>
