<?xml version="1.0" encoding="UTF-8"?>
<component name="BaseList" extends="Group">
	<interface>
		<field id="itemWidth"     type="integer"/>
		<field id="itemHeight"    type="integer"/>
		<field id="itemSpacing"   type="integer"/>
		<field id="itemShowCount" type="integer"/>
		<field id="itemType"      type="string"/>
		<!-- vertical or horizontal list -->
		<field id="listType"      type="string" value="vertical" />
		<field id="jumpCount"     type="integer" value="1"/>
    <field id="itemProps"     type="assocarray"/>
		<field id="data"          type="array"   onChange="PopulateList"/>
		<field id="focus"         type="boolean" onChange="handleFocusChange" alwaysNotify="true"/>
		<field id="itemFocused"   type="node"/>
		<field id="itemSelected"  type="node"/>
		<field id="selectedIndex" type="integer"/>
    <function name="SetItemSelectedStatus" />
    <function name="ResetSelectedStatus" />
    <function name="SetFocusIndex" />
    <function name="GetChildItem" />
	</interface>
	<script type="text/brightscript" uri="pkg:/components/app/widgets/list/BaseList.brs"/>
	<script type="text/brightscript" uri="pkg:/components/utils/animations.brs"/>
	<children>
    <Group id="wrapper">
		  <Group id="listGroup" />
    </Group>
	</children>
</component>
