<?xml version="1.0" encoding="UTF-8"?>
<component name="HorizLabelList" extends="Group">
	<interface>
		<field id="maxWidth"      type="integer"/>
		<field id="itemHeight"    type="integer"/>
		<field id="itemSpacing"   type="integer"/>
		<field id="jumpCount"     type="integer" value="1"/>
    <field id="itemProps"     type="assocarray"/>
		<field id="data"          type="array"   onChange="PopulateList"/>
		<field id="focus"         type="boolean" onChange="handleFocusChange" alwaysNotify="true"/>
		<field id="focusIndex" type="integer"/>
		<field id="selectedIndex" type="integer"/>
    <function name="SetItemSelectedStatus" />
	</interface>
	<script type="text/brightscript" uri="pkg:/components/app/widgets/list/HorizLabelList.brs"/>
	<children>
    <Group id="wrapper">
		  <Group id="listGroup" />
    </Group>
	</children>
</component>
