<?xml version="1.0" encoding="UTF-8"?>
<component name="SportsDetailsScreen" extends="BaseScreenWithMenu">
	<script type="text/brightscript" uri="pkg:/components/app/screens/sports/SportsDetailsScreen.brs"/>
	<script type="text/brightscript" uri="pkg:/components/data/match.brs" />
	<children>
		<Poster
        loadWidth="1920"
        loadHeight="1080"
        loadDisplayMode="scaleToFill"
        id="sportImage" />
		<Rectangle
			  id="backgroundMask"
			  width="1920"
			  height="1080"
			  opacity="0.75"
			  color="0x242424"
			  />

    <SportsFilter
        id="sportsFilter"
        translation="[100,150]"/>
    
		<Label
			  id="noEventLabel"
			  width="1000"
			  height="200"
			  text="There are no events yet."
			  horizAlign="center"
			  vertAlign="center"
			  color="0xF6F2EB"
			  visible="false"
			  translation="[596,200]">
			<Font role = "font" uri = "pkg:/resource/fonts/Qanelas/Qanelas-SemiBold.otf" size= "45" />
		</Label>

    <ProgramListWithCalendar
        id="programList"
			  translation="[596,150]" />

    <Group id="menuContainer" />

    <Timer id="refreshTimer" repeat="true" duration="1800" />
	</children>
</component>
