<?xml version="1.0" encoding="UTF-8"?>
<component name="SportsGenreScreen" extends="BaseScreen">
	<script type="text/brightscript" uri="pkg:/components/app/screens/sports/SportsGenreScreen.brs"/>
	<children>		
   	<Group
   			id="carouselsGroup">

    	<CategoryGrid id="categoriesGrid"/>

			<SlidingButton
				  id="backButton"
				  width="200"
				  height="60"
				  translation="[90,110]"
				  >
				<Poster
            id="backArrow"
            width="24"
            height="15"
            uri="pkg:/images/collapse_arrow.png"
            translation="[20,42]"
            rotation="1.5708"/>
				<Label
					  width="150"
            height="50"
            horizAlign="center"
            vertAlign="center"
            color="0xF6F2EB"
					  translation="[40,5]"
            text="BACK">
          <Font role="font" uri="pkg:/resource/fonts/Qanelas/Qanelas-Black.otf" size="36"/>
				</Label>
			</SlidingButton>

			<Label
				  width="250"
				  height="50"
				  horizAlign="center"
				  vertAlign="center"
				  color="0xF6F2EB"
				  translation="[830,110]"
				  text="SPORTS">
				<Font role="font" uri="pkg:/resource/fonts/Qanelas/Qanelas-Black.otf" size="36"/>
			</Label>
		</Group>
		
	</children>
</component>
