﻿{
  "channels": [
    {
      "id": "dev",
      "name": "fubotv",
      "options": [
        {
          "name": "movies-test",
          "params": [
            {
              "key": "contentId",
              "value": "MV00333"
            },
            {
              "key": "mediaType",
              "value": "movie"
            }
          ]
        },
        {
          "name": "season",
          "params": [
            {
              "key": "mediaType",
              "value": "season"
            },
            {
              "key": "contentId",
              "value": "193251"
            }
          ]
        },
        {
          "name": "episodes-test",
          "params": [
            {
              "key": "contentId",
              "value": "EP01363"
            },
            {
              "key": "mediaType",
              "value": "episode"
            }
          ]
        },
        {
          "name": "sports-test",
          "params": [
            {
              "key": "contentId",
              "value": "SP00343"
            },
            {
              "key": "mediaType",
              "value": "special"
            },
            {
              "key": "correlator",
              "value": "fubo_test"
            }
          ]
        },
        {
          "name": "episodes-tmsId",
          "params": [
            {
              "key": "contentId",
              "value": "EP026965520011"
            },
            {
              "key": "mediaType",
              "value": "episode"
            },
            {
              "key": "correlator",
              "value": "fubo_test2"
            }
          ]
        },
        {
          "name": "episodes-airingId",
          "params": [
            {
              "key": "contentId",
              "value": "SH01971644"
            },
            {
              "key": "mediaType",
              "value": "episode"
            }
          ]
        },
        {
          "name": "Live",
          "params": [
            {
              "key": "contentId",
              "value": "42_118008"
            },
            {
              "key": "mediaType",
              "value": "live"
            }
          ]
        },
        {
          "name": "Series",
          "params": [
            {
              "key": "contentId",
              "value": "193251"
            },
            {
              "key": "mediaType",
              "value": "series"
            }
          ]
        }
      ]
    }
  ]
}