<?xml version="1.0" encoding="UTF-8"?>
<component name="VideoScreen" extends="BaseScreen">
	
	<script type="text/brightscript" uri="pkg:/components/app/screens/videos/VideoScreen.brs" />
	<script type="text/brightscript" uri="pkg:/components/app/screens/videos/services/VideoAnalyticsService.brs" />
	<script type="text/brightscript" uri="pkg:/components/app/screens/videos/services/StreamDataService.brs" />
	<script type="text/brightscript" uri="pkg:/components/app/screens/videos/services/LiveStreamDataService.brs" />
	<script type="text/brightscript" uri="pkg:/components/app/screens/videos/services/VodStreamDataService.brs" />
	<script type="text/brightscript" uri="pkg:/components/app/screens/videos/services/LiveFailOverService.brs" />
	<script type="text/brightscript" uri="pkg:/components/app/screens/videos/services/AutoRestartService.brs" />
	<script type="text/brightscript" uri="pkg:/components/app/screens/videos/services/PlayHeadService.brs" />
	<children>
    <Timer id="autoRestartTimer" repeat="false" duration="" />
    <Timer id="bufferTimer" repeat="true" duration="5" />
  </children>
</component>
