<?xml version="1.0" encoding="UTF-8"?>
<component name="SeasonPicker" extends="Group">
	<interface>
		<field id="seasonNumbers" type="array" value="[]" onChange="populateList" />
		<field id="selectedSeason"  type="integer" />
		<field id="focus" type="boolean" onChange="handleFocusChange" />
	</interface>
	<script type="text/brightscript" uri="pkg:/components/app/screens/series/components/SeasonPicker.brs"/>
	<children>
		<SlidingButton
			  id="menuButton"
        height="50"
        width="240"
        >
			<Group id="collapsedMenu">
				<Poster
            id="seasonMenuIcon"
            uri="pkg:/images/season_menu.png"
            width="30"
            height="27"
            translation="[10,10]"/>
				<Label
            id="menuLabelCollapsed"
			      color="0xF6F2EB"
            width="200"
            height="50"
            text=""
            translation="[55,0]">
          <Font
					    role="font"
					    uri="pkg:/resource/fonts/Qanelas/Qanelas-Black.otf"
					    size="36"/>
        </Label>
			</Group>
			<Group id="expandedMenu">
				<Label
            id="menuLabelExpanded"
			      color="0xF6F2EB"
            translation="[10,0]"
            text="BACK">
          <Font
					    role="font"
					    uri="pkg:/resource/fonts/Qanelas/Qanelas-Black.otf"
					    size="36"/>
        </Label>
				<Poster
            id="collapseArrorIcon"
            uri="pkg:/images/collapse_arrow.png"
            translation="[130,12]" />
			</Group>
		</SlidingButton>

		<BaseList
			  id="seasonList"
			  translation="[0,60]"
			  itemShowCount="6"
        itemType="SlidingButton"
        jumpCount="3"
        itemWidth="210"
        itemHeight="50"
			  itemSpacing="20"/>
    
	</children>
</component>
