<?xml version="1.0" encoding="UTF-8"?>
<component name="SeriesContent" extends="ContentNode">
	<interface>
		<field id="statusLabelText"  type="string"/>
		<field id="timeLabelText"    type="string"/>
		<field id="tileImageUri"     type="uri"/>
		<field id="detailsLabelText" type="string"/>
		<field id="titleLabelText"   type="string"/>
		<field id="seriesId"         type="string"/>
		<field id="networkLogo"      type="string"/>
		<field id="parentType"       type="string"/>
	</interface>
</component>