<?xml version="1.0" encoding="UTF-8"?>
<component name="ProgramTileContent" extends="ContentNode">
	<interface>
		<field id="statusLabelText"  type="string"/>
		<field id="timeLabelText"    type="string"/>
		<field id="tileImageUri"     type="uri"/>
		<field id="detailsLabelText" type="string"/>
		<field id="titleLabelText"   type="string"/>
		<field id="seasonText"     type="string"/>
		<field id="episodeText"    type="string"/>
		<field id="duration"       type="string"/>
		<field id="isLive"           type="boolean"/>
		<field id="startTime"        type="string"/>
		<field id="endTime"          type="string"/>
		<field id="dateTimeStatus"    type="string"/>
		<field id="dateTime"          type="string"/>
		<field id="networkLogo"      type="uri"/>
		<field id="homeTeamLogo"     type="uri"/>
		<field id="awayTeamLogo"     type="uri"/>
		<field id="teamTemplate"     type="string"/>
		<field id="progress" type="float" value="0" />
	</interface>
</component>
