<?xml version="1.0" encoding="UTF-8"?>
<component name="BasePlayer" extends="group">
  <script type="text/brightscript" uri="pkg:/components/utils/log.brs" />
  <script type="text/brightscript" uri="pkg:/components/utils/strings.brs" />
	<script type="text/brightscript" uri="pkg:/components/app/screens/videos/player/BasePlayer.brs" />
  <interface>
    <field id="playingState" type="assocarray" />
    <!-- separate position from general state to reduce callback runs  -->
    <field id="position" type="integer" />
    <!-- 1 sec precision position for player UI  -->
    <field id="positionRT" type="integer" />
    <field id="focus" type="boolean" onChange="onFocusChange" alwaysNotify="true"/>
    <function name="getVideoOptions" />
    <function name="setVideo" />
    <function name="startPlay" />
    <function name="playStream" />
    <function name="playControl" />
    <function name="terminate" />
  </interface>

	<children>
		<Video
			  id="rawVideo"
			  width="1920"
			  height="1080"
			  translation="[0,0]" />
  </children>
</component>
