<component name="ClientSideAds" extends="Task">
	<interface>
	  <field id="player" type="node" />
	  <field id="meta" type="assocarray" />
	  <field id="taskState" type="string" />
	  <field id="adsUrl" type="string" />
	  <field id="assetId" type="string" />
	  <field id="startPos" type="float" />
	  <field id="drmToken" type="string" />
    <field id="adsBreaks" type="array" />
	</interface>

  <script type="text/brightscript" uri="pkg:/components/configs/api.brs" />
  <script type="text/brightscript" uri="pkg:/components/utils/log.brs" />
  <script type="text/brightscript" uri="pkg:/components/utils/array.brs" />
	<script type="text/brightscript" uri="pkg:/components/app/screens/videos/player/ClientSideAds.brs" />
	<children>
	</children>
</component>
