<component name="CmmTask" extends="Task">
	<interface>
	  <field id="terminate"     type="boolean" value="false" />
    <field id="inConflict"    type="boolean" value="false" />
		<field id="cm_sessionid"  type="string" />
	</interface>
	
  <script type="text/brightscript" uri="pkg:/components/utils/strings.brs" />
  <script type="text/brightscript" uri="pkg:/components/utils/log.brs" />
	<script type="text/brightscript" uri="pkg:/components/app/screens/videos/player/CmmTask.brs" />
	
	<children>
		<Timer id="heartBeatTimer" duration="10" repeat="false"/>
	</children>
</component>
