<?xml version="1.0" encoding="UTF-8"?>
<component name="SearchNativeKeyboard" extends="Group">
	<script type="text/brightscript" uri="pkg:/components/utils/app.brs" />
	<script type="text/brightscript" uri="pkg:/components/app/screens/search//components/SearchNativeKeyboard.brs"/>
  <interface>
		<field id="text" type="string" alwaysNotify="true" />
		<field id="search" type="integer" value="0"/>
		<field id="focus" type="boolean" onChange="onFocusChange" />
  </interface>
	<children>
    <MiniKeyboard
        id="nativeKeyboard"
        showTextEditBox="false"
        translation="[-30,-30]"
        />
    <!-- search button used for native keyboard -->
      <Rectangle
          id="searchButton"
          width="535"
          height="60"
          color="0x3A3E3F"
          translation="[-5,610]">
        <Label
            width="535"
            height="60"
            horizAlign="center"
            vertAlign="center"
            color="0xF6F2EB"
            text="SEARCH">
          <Font role="font" uri="pkg:/resource/fonts/Qanelas/Qanelas-ExtraBold.otf" size="20"/>
        </Label>
      </Rectangle>
    
	</children>
</component>
