<?xml version="1.0" encoding="UTF-8"?>
<component name="SearchResultList" extends="Group">
	<script type="text/brightscript" uri="pkg:/components/utils/date.brs"/>
	<script type="text/brightscript" uri="pkg:/components/utils/fuboDate.brs"/>
	<script type="text/brightscript" uri="pkg:/components/utils/image.brs"/>
	<script type="text/brightscript" uri="pkg:/components/data/standard.brs"/>
	<script type="text/brightscript" uri="pkg:/components/app/screens/search//components/SearchResultList.brs"/>
  <interface>
    <field id="hasResult" type="boolean" />
    <field id="searchKeyword" type="string" alias="keywordLabel.text" />
    <field id="selectedItem" type="assocarray" />
    <field id="selectedIndex" type="integer" />
    <field id="focus" type="boolean" onChange="onFocusChange" alwaysNotify="true"/>
    <function name="ShowList" />
    <function name="ShowSearching" />
    <function name="ClearContent" />
  </interface>
	<children>
    
    <Group
        id="emptyContent"
        visible="false"
        translation="[100,100]">

      <Poster
          id="resultIcon"
          uri="pkg:/images/no-results-icon.png"
				  height="64"
				  width="64"
          translation="[400,20]"
          />
      
      <Label
          id="titleLabel"
          width="900"
          height="61"
          vertAlign="center"
          horizAlign="center"
          translation="[0,100]"
          text="Uh oh. We didn’t find anything for">
				<Font
            role="font"
            uri="pkg:/resource/fonts/Qanelas/Qanelas-Black.otf"
            size="48"/>
      </Label>

      <Label
          id="keywordLabel"
          width="900"
          height="61"
          vertAlign="center"
          horizAlign="center"
          translation="[0,180]"
          color="0xFA4616"
          text="">
        <Font
            role="font"
            uri="pkg:/resource/fonts/Qanelas/Qanelas-Black.otf"
            size="50"/>
      </Label>

      <Label
          id="sportHint"
          height="61"
          width="900"
          vertAlign="center"
          horizAlign="center"
          text="For Sports, try sport types, teams or leagues."
          translation="[0,260]">
				<Font
            role="font"
            uri="pkg:/resource/fonts/Qanelas/Qanelas-Medium.otf"
            size="30"/>
      </Label>

      <Label
          id="movieHint"
          height="61"
          width="900"
          vertAlign="center"
          horizAlign="center"
          text="For Movies and Shows, try titles."
          translation="[0,310]">
				<Font
            role="font"
            uri="pkg:/resource/fonts/Qanelas/Qanelas-Medium.otf"
            size="30"/>
      </Label>
    </Group>

    <Label
        id="loaderLabel"
        text="SEARCHING..."
        visible="false"
        color="0xF6F2EB"
        translation="[400,200]">
    	<Font
          role="font"
          uri="pkg:/resource/fonts/Qanelas/Qanelas-Bold.otf"
          size="30"/>
    </Label>
    
    <MarkupList
        id="programResultList"
        itemComponentName="ProgramDetailTile"
        numRows="5"
        itemSize="[1028,145]"
        itemSpacing="[0,20]"
        drawFocusFeedback="false"
        vertFocusAnimationStyle="fixedFocus"
        />

	</children>
</component>
