<?xml version="1.0" encoding="UTF-8"?>
<component name="SearchInputBox" extends="Group">
	<script type="text/brightscript" uri="pkg:/components/app/screens/search//components/SearchInputBox.brs"/>
  <interface>
		<field id="suggestedTerm" type="string" onChange="SetSuggestedTerm" alwaysNotify="true" />
		<field id="inputText" type="string" onChange="SetInputText" alwaysNotify="true" />
    <field id="highlight" type="boolean" onChange="HighlightText" />
  </interface>
	<children>
    <Rectangle
        id="inputWrap"
        width="1037"
        height="76"
        color="0x24242400">
			<Label
				  id="maskLabel"
          horizAlign="left"
          vertAlign="center"
          numLines="1"
          opacity="0.3"
			    color="0xF6F2EB">
				<Font
					  role="font"
					  uri="pkg:/resource/fonts/Qanelas/Qanelas-Regular.otf"
					  size="64"/>
			</Label>

			<Label
				  id="inputTextLabel"
          horizAlign="left"
          vertAlign="center"
          numLines="1"
			    color="0xF6F2EB">
				<Font
					  role="font"
					  uri="pkg:/resource/fonts/Qanelas/Qanelas-Regular.otf"
					  size="64"/>
			</Label>

    </Rectangle>
	</children>
</component>
