<?xml version="1.0" encoding="UTF-8"?>
<component name="BaseScreen" extends="Group">
	<script type="text/brightscript" uri="common:/LibCore/v30/bslCore.brs" />
	<script type="text/brightscript" uri="pkg:/components/app/widgets/basic/BaseScreen.brs" />
  <script type="text/brightscript" uri="pkg:/components/utils/analytics.brs" />
  <script type="text/brightscript" uri="pkg:/components/utils/navigator.brs" />
  <script type="text/brightscript" uri="pkg:/components/utils/image.brs" />
  <script type="text/brightscript" uri="pkg:/components/utils/date.brs" />
  <script type="text/brightscript" uri="pkg:/components/utils/fuboDate.brs"/>
  <script type="text/brightscript" uri="pkg:/components/utils/strings.brs" />
	<script type="text/brightscript" uri="pkg:/components/utils/airing.brs" />
	<script type="text/brightscript" uri="pkg:/components/utils/array.brs" />
  <script type="text/brightscript" uri="pkg:/components/utils/log.brs" />
	<script type="text/brightscript" uri="pkg:/components/utils/app.brs" />
  <script type="text/brightscript" uri="pkg:/components/configs/api.brs" />
	<interface>
		<field id="name" type="string" />
		<field id="lifecycle" type="string" onChange="handleLifecycle" />
		<field id="initLoad" type="boolean" alwaysNotify="true" />
		<field id="loadContent" type="boolean" alwaysNotify="true" />
		<field id="unloadContent" type="boolean" alwaysNotify="true" />
		<field id="returnData" type="assocarray" alwaysNotify="true" />
		<field id="initData" type="assocarray" onChange="initWithData" alwaysNotify="true"/>
		<field id="focusedComponent" type="string" />
		<field id="close" type="boolean" onChange="handleCloseScreen" />
	</interface>

	<children>
		<Rectangle
			  id="bgMask"
			  width="1920"
			  height="1080"
			  color="0x242424"
			  />
		<Timer id="processRequestTimer" duration=".5" repeat="true" />
	</children>
</component>
