<?xml version="1.0" encoding="UTF-8"?>
<component name="BaseVideo" extends="Video">
    <interface>
        <!-- video content descriptor, ContentNode-based; includes ad_url if non-default -->
        <field id="content" type="node" />
        <field id="state"   type="string" alwaysNotify="true"/>
        <field id="control" type="string" alwaysNotify="true" onChange="handleControlChanged"/>
        <field id="program" type="assocarray" />
        <field id="metadata" type="assocarray" />
    </interface>
	  <script type="text/brightscript" uri="pkg:/components/app/widgets/basic/BaseVideo.brs" />
	  <children>
      <PlayerControl id="playerControl" />
	  </children>

</component>
