<?xml version="1.0" encoding="UTF-8"?>
<component name="BaseModal" extends="Group">
	<script type="text/brightscript" uri="common:/LibCore/v30/bslCore.brs" />
	<script type="text/brightscript" uri="pkg:/components/app/widgets/basic/BaseModal.brs" />
  <script type="text/brightscript" uri="pkg:/components/utils/navigator.brs" />
  <script type="text/brightscript" uri="pkg:/components/utils/image.brs" />
  <script type="text/brightscript" uri="pkg:/components/utils/date.brs" />
  <script type="text/brightscript" uri="pkg:/components/utils/fuboDate.brs"/>
  <script type="text/brightscript" uri="pkg:/components/configs/api.brs" />
	<interface>
		<field id="name" type="string" />
		<field id="returnData" type="assocarray" />
		<field id="initData" type="assocarray" onChange="initWithData" />
		<field id="close" type="boolean" onChange="handleCloseModal" />
	</interface>
</component>
