<?xml version="1.0" encoding="UTF-8"?>
<component name="LivePlayBackControl" extends="PlayBackControl">
	<script type="text/brightscript" uri="pkg:/components/utils/date.brs" />
	<script type="text/brightscript" uri="pkg:/components/utils/array.brs" />
  <script type="text/brightscript" uri="pkg:/components/utils/image.brs" />
	<script type="text/brightscript" uri="pkg:/components/app/screens/videos/ui/LiveRewindFFService.brs" />
	<script type="text/brightscript" uri="pkg:/components/app/screens/videos/ui/LivePlayBackControl.brs" />
  <interface>
    <field id="liveControl" type="assocarray" />
    <field id="playMode" type="string" />
    <function name="SetLiveSchedule" />
    <function name="SetDVRStatus" />
  </interface>

	<children>

    <UpNextInfo
        id="upNext"
        visible="false"
        translation="[1660,200]"
        />
    
    <Timer id="programUpdateTimer" repeat="false" duration="" />
  </children>
</component>
