<?xml version="1.0" encoding="UTF-8"?>
<component name="PlayBackControl" extends="group">
	<script type="text/brightscript" uri="pkg:/components/utils/date.brs" />
	<script type="text/brightscript" uri="pkg:/components/utils/array.brs" />
	<script type="text/brightscript" uri="pkg:/components/app/screens/videos/ui/RewindFFService.brs" />
	<script type="text/brightscript" uri="pkg:/components/app/screens/videos/ui/PlayBackControl.brs" />
  <interface>
    <field id="player" type="node" />
    <field id="isShown" type="boolean" />
    <function name="initControl" />
    <function name="ShowControl" />
    <function name="HideControl" />
  </interface>

	<children>
    <Group id="bottomControls" translation="[0,1080]">
      <Poster
          id="controlsMask"
				  loadWidth="1920"
				  loadHeight="640"
				  loadDisplayMode="scaleToFit"
          loadSync="true"          
          uri="pkg:/images/player-gradient-bottom.png"
          />

      <!-- control coordinate aligned with bottom of program info -->
      <Group
          id="controlGroup"
          translation="[153,379]"
          >
        <ProgramInfo
            id="programInfo"
            />
        <ControlButtonGroup
            id="btnGroups"
            translation="[1600,-40]"
            />
      </Group>
    </Group>

    <Group
        id="noticeInfoGroup"
        visible="false"
        translation="[643,78]">
      <Rectangle
          id="warnRect"
          height="4"
          width="74"
          color="0x53565700"
          translation="[280,75]"
          >
        <Poster
            id="warnIcon"
            loadHeight="27"
            loadWidth="30"
            uri="pkg:/images/warning_icon.png"
            translation="[22,-15]"
            />
      </Rectangle>
      <Label
          id="noFFLabel"
          translation="[76,100]"
          width="494"
          wrap="true"
          maxLines="3"
          lineSpacing="-7"
          text="We apologize. Fast forward and other functions may not be available during this program."
          horizAlign="center"
          vertAlign="center"
          color="0xF6F2EB">
        <Font
            role="font"
            uri="pkg:/resource/fonts/Qanelas/Qanelas-ExtraBold.otf"
            size="30"/>
      </Label>
    </Group>

    <VideoSettings id="setting" visible="false" />
    
		<Animation
			  id="bottomAnimateIn"
			  duration=".4"
			  easeFunction="linear"
			  optional="false">
		  <Vector2DFieldInterpolator
				  id = "bottomInterpIn"
				  key="[0,1]"
				  keyValue="[[0,1080],[0,440]]"
				  fieldToInterp="bottomControls.translation"/>
		</Animation>
		
		<Animation
			  id="bottomAnimateOut"
			  duration=".4"
			  easeFunction="linear"
			  optional="false">
		  <Vector2DFieldInterpolator
				  id = "bottomInterpOut"
				  key="[0,1]"
				  keyValue="[[0,440],[0,1080]]"
				  fieldToInterp="bottomControls.translation"/>
		</Animation>

    <Timer
        id="autoHideNotice"
        duration="4"
        repeat="false"
        />
    
    <Timer
        id="autoHideControl"
        duration="5"
        repeat="false"
        />

    <Timer
        id="rewindFFTimer"
        duration="1"
        repeat="true"
        />
    
  </children>
</component>
