<?xml version="1.0" encoding="UTF-8"?>
<component name="ProgramInfo" extends="group">
  <script type="text/brightscript" uri="pkg:/components/utils/date.brs" />
  <script type="text/brightscript" uri="pkg:/components/app/screens/videos/ui/ProgramInfo.brs" />
  <interface>
    <field id="program" type="assocarray" onChange="SetUpProgramInfo" />
    <function name="toggleLive" />
  </interface>

  <children>
    <Label
        id="titleLabel"
        horizAlign="left"
        vertAlign="center"
        lineSpacing="-10"
        color="0xF6F2EB">
      <Font
          role="font"
          uri="pkg:/resource/fonts/Qanelas/Qanelas-ExtraBold.otf"
          size="64"/>
    </Label>
    <Label
        id="subTitleLabel"
        height="18"
        width="850"
        maxLines="1"
        horizAlign="left"
        vertAlign="center"
        color="0xF6F2EB">
      <Font
          role="font"
          uri="pkg:/resource/fonts/Qanelas/Qanelas-Medium.otf"
          size="36"/>
    </Label>
    
    <Group id="timeGroup" visible="false">
      <Label
          id="liveLabel"
          text="LIVE"
          color="0xFA4616"
          width="46">
        <Font
            role="font"
            uri="pkg:/resource/fonts/Qanelas/Qanelas-ExtraBold.otf"
            size="24"/>
      </Label>
      <Label
          id="durationLabel"
          text=""
          translation="[60,0]"
          color="0xF6F2EB"
          >
        <Font
            role="font"
            uri="pkg:/resource/fonts/Qanelas/Qanelas-Medium.otf"
            size="24"/>
      </Label>
    </Group>
  </children>
</component>
