<result xmlns="http://api.roku.com/products" xmlns:i="http://www.w3.org/2001/XMLSchema-instance">
<!--********** Copyright 2016 Roku Corp.  All Rights Reserved. **********-->

        <errorCode i:nil="true" xmlns=""/>
        <errorDetails i:nil="true" xmlns=""/>
        <errorMessage xmlns=""/>
        <status xmlns="">Success</status>
        <products>
                <product xmlns="">
                        <HDPosterUrl i:nil="true"/>
                        <SDPosterUrl i:nil="true"/>
                        <code>fubotv-basic</code>
                        <cost>$44.99</cost>
                        <description/>
                        <expirationDate i:nil="true"/>
                        <freeTrialQuantity>7</freeTrialQuantity>
                        <freeTrialType>Days</freeTrialType>
                        <fulfills xmlns:a="http://schemas.microsoft.com/2003/10/Serialization/Arrays"/>
                        <inStock>true</inStock>
                        <maxQty>1</maxQty>
                        <name>Test Premier Subscription</name>
                        <productType>Consumable</productType>
                        <purchaseDate>0001-01-01T00:00:00</purchaseDate>
                        <purchaseId i:nil="true"/>
                        <qty>1</qty>
                        <renewalDate i:nil="true"/>
                        <upsellProduct i:nil="true"/>
                </product>
        </products>
</result>
