<result xmlns="http://api.roku.com/products" xmlns:i="http://www.w3.org/2001/XMLSchema-instance">
<!--********** Copyright 2016 Roku Corp.  All Rights Reserved. **********-->

        <errorCode i:nil="true" xmlns=""/>
        <errorDetails i:nil="true" xmlns=""/>
        <errorMessage xmlns=""/>
        <status xmlns="">Success</status>
        <products>
                <product xmlns="">
                        <HDPosterUrl i:nil="true"/>
                        <SDPosterUrl i:nil="true"/>
                        <code>fubotv-basic</code>
                        <cost>$44.99</cost>
                        <description/>
                        <expirationDate>2014-04-29T22:17:48</expirationDate>
                        <freeTrialQuantity>7</freeTrialQuantity>
                        <freeTrialType>Days</freeTrialType>
                        <fulfills i:nil="true" xmlns:a="http://schemas.microsoft.com/2003/10/Serialization/Arrays"/>
                        <inStock>false</inStock>
                        <maxQty i:nil="true"/>
                        <name>Test Premier Subscription</name>
                        <productType>Consumable</productType>
                        <purchaseDate>2013-04-29T22:17:48</purchaseDate>
                        <purchaseId>871e9522ace140a99821a1ab010bb0d7</purchaseId>
                        <qty>3</qty>
                        <renewalDate>2014-04-29T22:17:48</renewalDate>
                        <upsellProduct i:nil="true"/>
                </product>
        </products>
</result>
