<result xmlns="http://api.roku.com/order" xmlns:i="http://www.w3.org/2001/XMLSchema-instance">
<!--********** Copyright 2016 Roku Corp.  All Rights Reserved. **********-->

        <errorCode i:nil="true" xmlns=""/>
        <errorDetails i:nil="true" xmlns=""/>
        <errorMessage xmlns=""/>
        <status xmlns="">Success</status>
        <order>
                <id xmlns="">6150b008-c494-4b15-9afe-ab6e5563e16a</id>
                <items xmlns="">
                        <orderItem>
                                <amount>$44.99</amount>
                                <code>fubotv-basic</code>
                                <description i:nil="true"/>
                                <name i:nil="true"/>
                                <purchaseId>acadd4cb3d2424fb74da85f0172c34a</purchaseId>
                                <qty>1</qty>
                                <total>$44.99</total>
                        </orderItem>
                </items>
                <shipping xmlns="">$0.00</shipping>
                <shippingCode i:nil="true" xmlns=""/>
                <shippingOptions i:nil="true" xmlns=""/>
                <subtotal xmlns="">$44.99</subtotal>
                <tax xmlns="">$0.00</tax>
                <total xmlns="">$44.99</total>
        </order>
</result>
