<?xml version="1.0" encoding="UTF-8"?>
<component name="AdaptiveLabelButton" extends="Group">
	<interface>
		<field id="text" type="string" alias="btnLabel.text" onChange="AdjustWidth" />
		<field id="padding" type="float" value="10"/>
		<field id="height" type="float" alias="bgRect.height"/>
		<field id="focus" type="boolean" onChange="handleFocusChanged" />
		<field id="selected" type="boolean" onChange="handleSelectChange" />
		<field id="focusLabelColor" type="color" value="0xF6F2EB"/>
		<field id="focusBgColor" type="color" value="0xFA4616"/>
		<field id="labelColor" type="color" value="0xF6F2EB"/>
		<field id="bgColor" type="color" value="0x242424"/>
		<field id="labelSelectColor" type="color" value="0xFA4616" />
    <function name="GetLabelWidth" /> 
	</interface>
	
	<script type="text/brightscript" uri="pkg:/components/app/widgets/basic/buttons/AdaptiveLabelButton.brs"/>
	
	<children>
		<Rectangle
			  id="bgRect"
			  width="528"
			  height="88">
	  </Rectangle>
	  <Label
	    	id="btnLabel" 
		    text=""
		    horizAlign="center"
		    vertAlign="center">
			<Font role="font" uri="pkg:/resource/fonts/Qanelas/Qanelas-Bold.otf" size="36"/>
		</Label>
	</children>
</component>
