<?xml version="1.0" encoding="UTF-8"?>
<component name="BaseButton" extends="Group">
	<interface>
		<field id="labelText"       			   type="string"    onChange="handleTextChanged"   alwaysNotify="true" />
		<field id="buttonWidth"     			   type="integer"   onChange="handleWidthChanged"  alwaysNotify="true" />
		<field id="buttonHeight"     		   type="integer"   onChange="handleHeightChanged" alwaysNotify="true" />
		<field id="focus"           			   type="boolean"   onChange="handleFocusChanged"  alwaysNotify="true" />
		<field id="focusedLabelColor"          type="string"    value="0xF6F2EB"/>
		<field id="focusedBackgroundColor"     type="string"    value="0xFA4616"/>
		<field id="unfocusedLabelColor"        type="string"    value="0xF6F2EB"/>
		<field id="unfocusedBackgroundColor"   type="string"    value="0x00000000"/>
	</interface>
	
	<script type="text/brightscript" uri="pkg:/components/app/widgets/basic/buttons/BaseButton.brs"/>
	
	<children>
		<Rectangle
			  id="background"
			  scaleRotateCenter="[188.5,40]"
			  width="528"
			  height="88">
	  </Rectangle>
	  <Label
	    	id="buttonLabel" 
		    text=""
		    horizAlign="center"
		    vertAlign="center"
		    width="528"
		    height="88">
			<Font role="font" uri="pkg:/resource/fonts/Qanelas/Qanelas-ExtraBold.otf" size="37"/>
		</Label>
	</children>
</component>
