<?xml version="1.0" encoding="UTF-8"?>
<component name="DropDownButton" extends="Group">
	<interface>
		<field id="focus" type="boolean" onChange="handleFocusChange" alwaysNotify="true" />
		<field id="expanded" type="boolean" value="false" onChange="handleExpandedChange" alwaysNotify="true" />
		<field id="labelText" type="string" onChange="handleTextChange" />
	</interface>
	<script type="text/brightscript" uri="pkg:/components/app/widgets/basic/buttons/DropDownButton.brs"/>
	<children>
	  <SlidingButton
			  id="rect"
			  width="480"
			  height="70"
        font="pkg:/resource/fonts/Qanelas/Qanelas-Bold.otf"
        fontSize="56"
        horizAlign="left"
        text=""
        vertAlign="center"
        labelTranslation="[10,0]"
        >
			<Poster
        	id="dropIcon"
        	uri="pkg:/images/expand_arrow.png"
        	translation="[405,30]"
        	width="24"
        	height="15"/>
		</SlidingButton>
	</children>
</component>
