<?xml version="1.0" encoding="UTF-8"?>
<component name="SlidingButton" extends="Group">
	<interface>
		<field id="focus"            type="boolean"  onChange="handleFocusChange" value="false" />
		<field id="selected"         type="boolean"  onChange="handleSelectChange" value="false" />
		<field id="leftBar"          type="boolean" value="false" onChange="handleSelectChange" />
		<field id="bottomBar"        type="boolean" value="false" />
		<field id="width"            type="float"   alias="slidingRect.width" onChange="SetDimensions" />
		<field id="height"           type="float"   alias="slidingRect.height" onChange="SetDimensions" />
		<field id="labelTranslation" type="vector2d" alias="buttonLabel.translation"/>
		<field id="iconTranslation" type="vector2d" alias="iconImg.translation"/>
		<field id="iconUri" type="uri" onChange="SetInitIcon" />
		<field id="iconUriActive" type="uri" value="" />
		<field id="iconWidth" type="float" alias="iconImg.width"/>
		<field id="iconHeight" type="float" alias="iconImg.height"/>
		<field id="horizAlign"       type="string"   alias="buttonLabel.horizAlign"/>
		<field id="vertAlign"        type="string"   alias="buttonLabel.vertAlign"/>
		<field id="bgColor"          type="color"   alias="bgRect.color"/>
		<field id="text"             type="string"  alias="buttonLabel.text"/>
		<field id="wrap"             type="boolean"  alias="buttonLabel.wrap"/>
		<field id="lineSpacing" type="float"  alias="buttonLabel.lineSpacing"/>
		<field id="font"             type="uri"      alias="buttonFont.uri"/>
		<field id="fontSize"         type="integer"  alias="buttonFont.size"/>
		<field id="direction"        type="string"/>
	</interface>
	<script type="text/brightscript" uri="pkg:/components/app/widgets/basic/buttons/SlidingButton.brs"/>
	<script type="text/brightscript" uri="pkg:/components/utils/animations.brs"/>
	<children>
    <rectangle
        id="bgRect"
        color="0x24242400"
        />
		<SlidingRectangle
			  id="slidingRect"
			  color="0xFA4616">
      <Poster
          id="iconImg"
          translation="[20,0]" />
			<Label
				  id="buttonLabel"
			    color="0xF6F2EB">
				<Font id="buttonFont" role="font"/>
			</Label>
			<rectangle id="leftBar" color="0xFA461600" />
			<rectangle id="bottomBar" color="0xFA461600" />
		</SlidingRectangle>
	</children>
</component>
