<?xml version="1.0" encoding="UTF-8"?>
<component name="ClearListButton" extends="Group">
	<script type="text/brightscript" uri="pkg:/components/app/screens/dvrs/components/ClearListButton.brs"/>
  <interface>
    <field id="hasNonEmptyList" type="boolean" onChange="ToggleButton" alwaysNotify="true" />
    <field id="focus" type="boolean" onChange="onFocusChange" />
  </interface>
	<children>
		<Label
			  id="descLabel"
			  width="330"
        wrap="true"
        numLines="3"
			  text="Continue Watching bookmarks the last 15 videos you didn’t complete watching."
			  color="0xC4C0B8">
			<Font role="font" uri="pkg:/resource/fonts/Montserrat/Montserrat-Regular.ttf" size="20"/>
		</Label>

		<Rectangle
			  id="clearBtn"
			  width="212"
			  height="68"
			  color="0x3A3E3F"
			  translation="[0,123]">
		  <Label
			    id="clearLabel"
				  width="212"
				  height="68"
          horizAlign="center"
          vertAlign="center"
			    text="CLEAR LIST"
			    color="0xF6F2EB">
  			<Font role="font" uri="pkg:/resource/fonts/Qanelas/Qanelas-Bold.otf" size="30"/>
		  </Label>
		</Rectangle>
	</children>
</component>
