<?xml version="1.0" encoding="UTF-8"?>
<component name="StorageQuota" extends="Group">
	<script type="text/brightscript" uri="pkg:/components/app/screens/dvrs/components/StorageQuota.brs"/>
  <interface>
    <field id="quota" type="assocarray" onChange="SetupStorage" />
  </interface>
	<children>
    <Group
        id="container">
		  <Label
			    id="storageLabel"
			    width="360"
			    height="30"
			    text="STORAGE"
			    color="0xC4C0B8">
			  <Font role="font" uri="pkg:/resource/fonts/Montserrat/Montserrat-Regular.ttf" size="20"/>
		  </Label>

		  <Label
			    id="storageUsedLabel"
			    width="360"
			    height="42"
			    text=""
			    translation="[0,37]"
			    color="0xF6F2EB">
			  <Font role="font" uri="pkg:/resource/fonts/Qanelas/Qanelas-Bold.otf" size="34"/>
		  </Label>

		  <Poster
			    id="dvrIsFullIcon"
			    width="36"
			    height="36"
			    translation="[0,44]"
			    uri="">
		  </Poster>

		  <Label
			    id="dvrIsFullLabel"
			    width="360"
			    height="30"
			    text=""
			    translation="[60,55]"
			    color="0xEE2828">
			  <Font role="font" uri="pkg:/resource/fonts/Montserrat/Montserrat-Regular.ttf" size="20"/>
		  </Label>

		  <Rectangle
			    id="totalStorage"
			    width="400"
			    height="20"
			    color="0x3A3E3F"
			    translation="[0,107]">
			  <Rectangle
				    id="usedStorage"
				    width="1"
				    height="20"
				    color="0x1E8FE1" />
		  </Rectangle>
    </Group>
	</children>
</component>
