<?xml version="1.0" encoding="UTF-8"?>
<component name="BaseProgressBar" extends="group">
  <script type="text/brightscript" uri="pkg:/components/utils/date.brs" />
  <script type="text/brightscript" uri="pkg:/components/utils/fuboDate.brs" />
	<script type="text/brightscript" uri="pkg:/components/app/screens/videos/ui/progressbar/BaseProgressBar.brs" />
  <interface>
    <field id="focus" type="boolean" onChange="onFocusChange" />
    <!-- play mark position in progress bar, used for rewind/FF -->
    <field id="position" type="float" />
    <function name="updatePosition" />
    <!-- rewind and FF function -->
    <function name="ScrubPosition" />
    <function name="setProgram" />
  </interface>

	<children>
    <Group id="bars">
      <Rectangle
          id="durationBar"
          height="8"
          width="1614"
          opacity=".5"
          color="0xF6F2EB"
          />
      <Rectangle
          id="elapsedBar"
          height="8"
          width="0"
          opacity=".7"
          color="0xF6F2EB"
          />
      <Rectangle
          id="posMark"
          color="0xF6F2EB"
          height="18"
          width="2" />
      <Label
          id="timeStamp"
          height="30"
          width="150"
          horizAlign="center"
          vertAlign="center"
          translation="[0,20]"
          color="0xF6F2EB">
			  <Font
					  role="font"
					  uri="pkg:/resource/fonts/Qanelas/Qanelas-Medium.otf"
					  size="30"/>
      </Label>

      <Label
          id="timeLeftStamp"
          height="30"
          width="150"
          horizAlign="right"
          vertAlign="center"
          translation="[1464,20]"
          color="0xF6F2EB">
			  <Font
					  role="font"
					  uri="pkg:/resource/fonts/Qanelas/Qanelas-Medium.otf"
					  size="30"/>
      </Label>
      
      <Label
          id="speedLabel"
          height="30"
          width="100"
          horizAlign="center"
          vertAlign="center"
          translation="[0,-35]"
          color="0xF6F2EB">
			  <Font
					  role="font"
					  uri="pkg:/resource/fonts/Qanelas/Qanelas-ExtraBold.otf"
					  size="30"/>
      </Label>
    </Group>

  </children>
</component>
