<?xml version="1.0" encoding="UTF-8"?>
<component name="UpNextInfo" extends="Group">
  <script type="text/brightscript" uri="pkg:/components/utils/date.brs" />
  <script type="text/brightscript" uri="pkg:/components/app/screens/videos/ui/progressbar/UpNextInfo.brs" />
  <interface>
    <function name="show" />
    <function name="hide" />
  </interface>
  <children>
    <Rectangle
        id="background"
        width="465"
        height="120"
        translation="[-165,-10]"
        color="0x00000055"
        />
    <Label
        id="nextLabel"
        text="UP NEXT"
        color="0xF6F2EB"
        width="90">
      <Font
          role="font"
          uri="pkg:/resource/fonts/Qanelas/Qanelas-ExtraBold.otf"
          size="22"/>
    </Label>
    <Label
        id="timeLabel"
        text=""
        width="100"
        translation="[90,0]"
        color="0xF6F2EB"
        horizAlign="right"
        >
      <Font
          role="font"
          uri="pkg:/resource/fonts/Qanelas/Qanelas-Bold.otf"
          size="22"/>
    </Label>
    <Label
        id="titleLabel"
        text=""
        width="355"
        wrap="true"
        maxLines="2"
        translation="[-165,25]"
        color="0xF6F2EB"
        horizAlign="right"
        >
      <Font
          role="font"
          uri="pkg:/resource/fonts/Qanelas/Qanelas-ExtraBold.otf"
          size="24"/>
    </Label>
  </children>
</component>
