<?xml version="1.0" encoding="UTF-8"?>
<component name="AnimationLabel" extends="Group">
	<interface>
		<field id="width"                  type="float"         alias="animatingLabel.width"/>
		<field id="height"                 type="float"         alias="animatingLabel.height"/>
		<field id="color"                  type="color"         alias="animatingLabel.color"/>
		<field id="text"                   type="string"        alias="animatingLabel.text"/>
		<field id="font"                   type="uri"           alias="animatingLabelFont.uri"/>
		<field id="fontSize"               type="integer"       alias="animatingLabelFont.size"/>
		<field id="wrap"                   type="boolean"       alias="animatingLabel.wrap"/>
		<field id="lineSpacing"            type="float"         alias="animatingLabel.lineSpacing"/>
		<field id="maxLines"               type="integer"       alias="animatingLabel.maxLines"/>
		<field id="horizAlign"             type="string"        alias="animatingLabel.horizAlign"/>
		<field id="vertAlign"              type="string"        alias="animatingLabel.vertAlign"/>
		<field id="opacity"                type="float"         alias="animatingLabel.opacity"/>
		<field id="scaleRotateCent"        type="vector2D"      alias="animatingLabel.scaleRotateCenter"/>
		<field id="transDuration"          type="time"          alias="labelTransAnimation.duration"/>
		<field id="scaleDuration"          type="time"          alias="labelScaleAnimation.duration"/>
		<field id="colorDuration"          type="time"          alias="labelColorAnimation.duration"/>
		<field id="opacityDuration"        type="time"          alias="labelOpacityAnimation.duration"/>
		<field id="transKey"               type="floatarray"    alias="labelTransInterp.key"   value="[0,1]"/>
		<field id="scaleKey"               type="floatarray"    alias="labelScaleInterp.key"   value="[0,1]"/>
		<field id="colorKey"               type="floatarray"    alias="labelColorInterp.key"   value="[0,1]"/>
		<field id="opacityKey"             type="floatarray"    alias="labelOpacityInterp.key" value="[0,1]"/>
		<field id="transKeyValue"          type="vector2darray" alias="labelTransInterp.keyValue"/>
		<field id="scaleKeyValue"          type="vector2darray" alias="labelScaleInterp.keyValue"/>
		<field id="colorKeyValue"          type="colorarray"    alias="labelColorInterp.keyValue"/>
		<field id="opacityKeyValue"        type="floatarray"    alias="labelOpacityInterp.keyValue"/>
		<field id="transFieldInterp"       type="string"        alias="labelTransInterp.fieldToInterp"/>
		<field id="scaleFieldInterp"       type="string"        alias="labelScaleInterp.fieldToInterp"/>
		<field id="colorFieldInterp"       type="string"        alias="labelColorInterp.fieldToInterp"/>
		<field id="opacityFieldInterp"     type="string"        alias="labelOpacityInterp.fieldToInterp"/>
		<field id="start"                  type="boolean"       onChange="StartAnimation" alwaysNotify="true"/>
		<field id="animationType"          type="string"/>
	</interface>
	<script type="text/brightscript" uri="pkg:/components/app/widgets/animated/AnimationLabel.brs"/>
	<children>
		<Label
			id="animatingLabel">
			<Font id="animatingLabelFont" role="font"/>
		</Label>
		<ParallelAnimation
			id="labelParallelAnimation">
			<Animation
				id="labelTransAnimation"
				easeFunction="linear"
				>
			    <Vector2DFieldInterpolator
					id="labelTransInterp"
					fieldToInterp="animatingLabel.translation"/>
			</Animation>
			<Animation
				id="labelScaleAnimation"
				easeFunction="linear"
				>
			    <Vector2DFieldInterpolator
					id="labelScaleInterp"
					fieldToInterp="animatingLabel.scale"/>
			</Animation>
			<Animation
				id="labelColorAnimation"
				easeFunction="linear"
				>
			    <ColorFieldInterpolator
					id="labelColorInterp"
					fieldToInterp="animatingLabel.color"/>
			</Animation>
			<Animation
				id="labelOpacityAnimation"
				easeFunction="linear"
				>
			    <FloatFieldInterpolator
					id="labelOpacityInterp"
					fieldToInterp="animatingLabel.opacity"/>
			</Animation>
		</ParallelAnimation>
	</children>
</component>
