<?xml version="1.0" encoding="UTF-8"?>
<component name="AnimationPoster" extends="Group" xsi:noNamespaceSchemaLocation="https://devtools.web.roku.com/schema/RokuSceneGraph.xsd">
	<interface>
		<field id="width"                   type="float"         alias="animatingPoster.width"/>
		<field id="height"                  type="float"         alias="animatingPoster.height"/>
		<field id="uri"                     type="string"        alias="animatingPoster.uri"/>
		<field id="failedBitmapUri"         type="string"        alias="animatingPoster.failedBitmapUri"/>
		<field id="loadWidth"               type="float"         alias="animatingPoster.loadWidth"/>
		<field id="loadHeight"              type="float"         alias="animatingPoster.loadHeight"/>
		<field id="loadDisplayMode"         type="string"        alias="animatingPoster.loadDisplayMode"/>
		<field id="opacity"                 type="float"         alias="animatingPoster.opacity"/>
		<field id="scaleRotateCenter"       type="vector2D"      alias="animatingPoster.scaleRotateCenter"/>
		<field id="transDuration"           type="time"          alias="posterTransAnimation.duration"/>
		<field id="scaleDuration"           type="time"          alias="posterScaleAnimation.duration"/>
		<field id="opacityDuration"         type="time"          alias="posterOpacityAnimation.duration"/>
		<field id="transKey"                type="floatarray"    alias="posterTransInterp.key"   value="[0,1]"/>
		<field id="scaleKey"                type="floatarray"    alias="posterScaleInterp.key"   value="[0,1]"/>
		<field id="opacityKey"              type="floatarray"    alias="posterOpacityInterp.key" value="[0,1]"/>
		<field id="transKeyValue"           type="vector2darray" alias="posterTransInterp.keyValue"/>
		<field id="scaleKeyValue"           type="vector2darray" alias="posterScaleInterp.keyValue"/>
		<field id="opacityKeyValue"         type="floatarray"    alias="posterOpacityInterp.keyValue"/>
		<field id="transFieldInterp"        type="string"        alias="posterTransInterp.fieldToInterp"/>
		<field id="scaleFieldInterp"        type="string"        alias="posterScaleInterp.fieldToInterp"/>
		<field id="opacityFieldInterp"      type="string"        alias="posterOpacityInterp.fieldToInterp"/>
		<field id="start"                   type="boolean"       onChange="StartAnimation" alwaysNotify="true"/>
		<field id="animationType"           type="string"/>
	</interface>
	<script type="text/brightscript" uri="pkg:/components/app/widgets/animated/AnimationPoster.brs"/>
	<children>
		<Poster
			id="animatingPoster"/>
		<ParallelAnimation
			id="posterParallelAnimation">
			<Animation
				id="posterTransAnimation"
				easeFunction="linear"
				optional="true">
			    <Vector2DFieldInterpolator
					id="posterTransInterp"
					fieldToInterp="animatingPoster.translation"/>
			</Animation>
			<Animation
				id="posterScaleAnimation"
				easeFunction="linear"
				optional="true">
			    <Vector2DFieldInterpolator
					id="posterScaleInterp"
					fieldToInterp="animatingPoster.scale"/>
			</Animation>
			<Animation
				id="posterOpacityAnimation"
				easeFunction="linear"
				optional="true">
			    <FloatFieldInterpolator
					id="posterOpacityInterp"
					fieldToInterp="animatingPoster.opacity"/>
			</Animation>
		</ParallelAnimation>
	</children>
</component>
