<?xml version="1.0" encoding="UTF-8"?>
<component name="AnimationRectangle" extends="Group">
	<interface>
		<field id="width"                 type="float"         alias="animatingRectangle.width"/>
		<field id="height"                type="float"         alias="animatingRectangle.height"/>
		<field id="color"                 type="color"         alias="animatingRectangle.color"/>
		<field id="opacity"               type="float"         alias="animatingRectangle.opacity"/>
		<field id="scaleRotateCenter"     type="vector2D"      alias="animatingRectangle.scaleRotateCenter"/>
		<field id="transDuration"         type="time"          alias="rectangleTransAnimation.duration"/>
		<field id="scaleDuration"         type="time"          alias="rectangleScaleAnimation.duration"/>
		<field id="colorDuration"         type="time"          alias="rectangleColorAnimation.duration"/>
		<field id="opacityDuration"       type="time"          alias="rectangleOpacityAnimation.duration"/>
		<field id="transKey"              type="floatarray"    alias="rectangleTransInterp.key"   value="[0,1]"/>
		<field id="scaleKey"              type="floatarray"    alias="rectangleScaleInterp.key"   value="[0,1]"/>
		<field id="colorKey"              type="floatarray"    alias="rectangleColorInterp.key"   value="[0,1]"/>
		<field id="opacityKey"            type="floatarray"    alias="rectangleOpacityInterp.key" value="[0,1]"/>
		<field id="transKeyValue"         type="vector2darray" alias="rectangleTransInterp.keyValue"/>
		<field id="scaleKeyValue"         type="vector2darray" alias="rectangleScaleInterp.keyValue"/>
		<field id="colorKeyValue"         type="colorarray"    alias="rectangleColorInterp.keyValue"/>
		<field id="opacityKeyValue"       type="floatarray"    alias="rectangleOpacityInterp.keyValue"/>
		<field id="transFieldInterp"      type="string"        alias="rectangleTransInterp.fieldToInterp"/>
		<field id="scaleFieldInterp"      type="string"        alias="rectangleScaleInterp.fieldToInterp"/>
		<field id="colorFieldInterp"      type="string"        alias="rectangleColorInterp.fieldToInterp"/>
		<field id="opacityFieldInterp"    type="string"        alias="rectangleOpacityInterp.fieldToInterp"/>
		<field id="start"                 type="boolean"       onChange="StartAnimation" alwaysNotify="true"/>
		<field id="animationType"         type="string"/>
	</interface>
	<script type="text/brightscript" uri="pkg:/components/app/widgets/animated/AnimationRectangle.brs"/>
	<children>
		<rectangle
			id="animatingRectangle"/>
		<ParallelAnimation
			id="rectangleParallelAnimation">
			<Animation
				id="rectangleTransAnimation"
				easeFunction="linear"
				optional="true">
			    <Vector2DFieldInterpolator
					id="rectangleTransInterp"
					fieldToInterp="animatingRectangle.translation"/>
			</Animation>
			<Animation
				id="rectangleScaleAnimation"
				easeFunction="linear"
				optional="true">
			    <Vector2DFieldInterpolator
					id="rectangleScaleInterp"
					fieldToInterp="animatingRectangle.scale"/>
			</Animation>
			<Animation
				id="rectangleColorAnimation"
				easeFunction="linear"
				optional="true">
			    <ColorFieldInterpolator
					id="rectangleColorInterp"
					fieldToInterp="animatingRectangle.color"/>
			</Animation>
			<Animation
				id="rectangleOpacityAnimation"
				easeFunction="linear"
				optional="true">
			    <FloatFieldInterpolator
					id="rectangleOpacityInterp"
					fieldToInterp="animatingRectangle.opacity"/>
			</Animation>
		</ParallelAnimation>
	</children>
</component>
