<?xml version="1.0" encoding="UTF-8"?>
<component name="SeriesDetailsScreen" extends="BaseScreenWithMenu">
	<interface>
		<field id="seriesNameText"    type="string" alias="seriesName.text"/>
		<field id="seriesDetailsText" type="string" alias="seriesDetails.text"/>
	</interface>
	<script type="text/brightscript" uri="pkg:/components/app/screens/series/SeriesDetailsScreen.brs"/>
	<children>
    <Label
    		id="seriesName"
		    translation="[100,137]"
		    width="450"
		    height="195"
		    wrap="true"
		    color="0xF6F2EB">
			<Font role="font" uri="pkg:/resource/fonts/Qanelas/Qanelas-Bold.otf" size="60"/>
		</Label>
    <Label
    		id="seriesDetails"
		    translation="[100,330]"
		    width="450"
        height="150"
        lineSpacing="-2"
        wrap="true"
		    color="0xC4C0B8">
			<Font role="font" uri="pkg:/resource/fonts/Qanelas/Qanelas-Regular.otf" size="22"/>
		</Label>
    <SeasonPicker id="seasonMenu" translation="[100,500]" />

    <Label id="seasonLabel"
           translation="[596,150]"
           text=""
           color="0xF6F2EB"
           >
			<Font role="font" uri="pkg:/resource/fonts/Qanelas/Qanelas-Bold.otf" size="40"/>
    </Label>

		<MarkupList
			  id="eventList"
			  translation="[596,209]"
			  itemComponentName="EpisodeDetailTile"
			  numRows="5"
			  itemSize="[1028,145]" 
			  itemSpacing="[0,20]" 
			  drawFocusFeedback="false"
			  sectionDividerTextColor="0xF6F2EB"
			  sectionDividerHeight="198"
			  vertFocusAnimationStyle="floatingFocus"
			  />
		<Label
    		id="errorLabel"
		    translation="[596,300]"
			  visible="false"
		    width="1000"
		    height="500"
			  text="Sorry, cannot get episodes for this series. Please press BACK to exit."
		    wrap="true"
		    color="0xF6F2EB">
			<Font role="font" uri="pkg:/resource/fonts/Qanelas/Qanelas-Bold.otf" size="50"/>
		</Label>
    <Group id="menuContainer" />
	</children>
</component>
