<?xml version="1.0" encoding="UTF-8"?>
<component name="GuideDateNav" extends="Group">
  <interface>
    <field id="selectedIndex" type="integer" />
    <field id="days" type="integer" onChange="SetUpList" />
    <field id="focus" type="boolean" onChange="onFocusChange"/>
    <function name="UpdateDates" />
    <function name="UpdateSelectedDate" />
  </interface>
  <script type="text/brightscript" uri="pkg:/components/app/screens/networks/components/guide/GuideDateNav.brs"/>
  <script type="text/brightscript" uri="pkg:/components/utils/date.brs"/>
  <script type="text/brightscript" uri="pkg:/components/utils/fuboDate.brs"/>
  <children>

    <Rectangle
        id="barRect"
        color="0x535657"
        height="2"
        width="220"
        />
    <Label
        id="browseLabel"
        translation="[0, 17]"
        text="BROWSE BY DATE"
        color="0xF6F2EB"
        width="220"
        opacity="0.5">
        <Font
            role="font"
            uri="pkg:/resource/fonts/Qanelas/Qanelas-Bold.otf"
            size="20"/>
    </Label>
        
    <BaseList
        id="dateList"
        translation="[0,87]"
        itemWidth="224"
        itemHeight="58"
        itemSpacing="12"
        itemType="SlidingButton"
        />
  </children>
</component>
