<?xml version="1.0" encoding="UTF-8"?>
<component name="NetworkProgramTile" extends="Group">
  <interface>
    <field id="title" type="string" alias="titleLabel.text" />
    <field id="isLive" type="boolean" alias="liveBar.visible" />
    <field id="subTitle" type="string" alias="subTitleLabel.text" />
    <field id="timeLabel" type="string" alias="timeLabel.text" />
    <field id="bgColor" type="color" alias="bgRect.color" />
    <field id="height" type="float" alias="bgRect.height" />
    <field id="fieldsSet" type="boolean" onChange="SetupTile" />
    <field id="focus" type="boolean" onChange="onFocusChange"/>
  </interface>
  <script type="text/brightscript" uri="pkg:/components/app/screens/networks/components/guide/NetworkProgramTile.brs"/>
  
  <children>
    <Rectangle
        id="bgRect"
        width="290"
        height="180"
        color="0x2B2D2E">
      <Rectangle
          id="focusRect"
          width="290"
          height="180"
          visible="false"
          color="0xF6F2EB">
        <Rectangle
            id="liveBar"
            translation="[0,0]"
            width="6"
            height="180"
            color="0xFA4616" />
			  <Label
				    id="liveLabel"
				    translation="[20,100]"
				    color="0xFA4616"
            text="LIVE"
            visible="false"
				    width="50">
				  <Font
              role="font"
              uri="pkg:/resource/fonts/Qanelas/Qanelas-Bold.otf"
              size="26"/>
			  </Label>
        <Label
            id="subTitleLabel"
            translation="[20,138]"
            color="0x79746C"
            width="250">
          <Font
              role="font"
              uri="pkg:/resource/fonts/Qanelas/Qanelas-Medium.otf"
              size="24"/>
			  </Label>
      </Rectangle>
			<Label
				  id="titleLabel"
				  translation="[20, 17]"
				  color="0xF6F2EB"
          lineSpacing="-2"
          maxLines="2"
          wrap="true"
				  width="250">
				<Font
            role="font"
            uri="pkg:/resource/fonts/Qanelas/Qanelas-Black.otf"
            size="32"/>
			</Label>
			<Label
				  id="timeLabel"
				  translation="[20,100]"
				  color="0xC4C0B8"
				  width="250">
				<Font
            role="font"
            uri="pkg:/resource/fonts/Qanelas/Qanelas-Medium.otf"
            size="26"/>
			</Label>
	    <Rectangle
          id="bottomBorder"
          color="0xf6f2eb33"
          height="2"
          translation="[0,178]"
          width="290"/>
		</Rectangle>

	</children>
</component>
