<?xml version="1.0" encoding="UTF-8"?>
<component name="NetworkPrograms" extends="Group">
	<interface>
		<field id="networks" type="array" onChange="SetupColumns" />
    <field id="endTimeline" type="string" />
    <field id="startTimeline" type="string" />
    <field id="startIndex" type="integer" onChange="MoveColumns" />
    <field id="columnIndex" type="integer" />
	  <field id="jumpCount" type="integer" />
		<field id="itemWidth" type="float" />
		<field id="itemUnitHeight" type="float" />
		<field id="itemSpacing" type="float" />
		<field id="selectedProgram" type="assocarray" />
    <!-- PERFORMANCE define the num of networks columns to render at one time -->
    <field id="numColumns" type="integer" />
		<field id="focus" type="boolean" onChange="onFocusChange"/>
	</interface>
	<script type="text/brightscript" uri="pkg:/components/app/screens/networks/components/guide/NetworkPrograms.brs"/>
	<script type="text/brightscript" uri="pkg:/components/utils/array.brs"/>
  <script type="text/brightscript" uri="pkg:/components/utils/date.brs"/>
  <script type="text/brightscript" uri="pkg:/components/utils/fuboDate.brs"/>
  <script type="text/brightscript" uri="pkg:/components/data/program.brs"/>
  <children>
    <Group id="columns" />
    <Label
        id="hourMark1"
        text=""
        width="70"
        opacity="0.5"
        horizAlign="right"
        color="0xF6F2EB">
			<Font
          role="font"
          uri="pkg:/resource/fonts/Qanelas/Qanelas-SemiBold.otf"
          size="24"/>
    </Label>
    <Label
        id="hourMark2"
        text=""
        width="70"
        opacity="0.5"
        horizAlign="right"
        color="0xF6F2EB">
			<Font
          role="font"
          uri="pkg:/resource/fonts/Qanelas/Qanelas-SemiBold.otf"
          size="24"/>
    </Label>
    <Rectangle
        id="liveLine"
        color="0xFA4616"
        height="2"
        visible="false"
        width="1900"
        />
    <Timer
        id="livelineTimer"
        duration="60"
        repeat="true"
        />
	</children>
</component>
