<?xml version="1.0" encoding="UTF-8"?>
<component name="NetworkGuideGrid" extends="Group">
	<interface>
		<field id="networks" type="array" onChange="SetupGrid"/>
    <field id="topTimeLine" type="string" />
    <field id="endTimeLine" type="string" />
		<field id="itemWidth" type="float" />
		<field id="itemUnitHeight" type="float" />
		<field id="itemSpacing" type="float" />
    <!-- PERFORMANCE define the num of networks columns to render at one time -->
    <field id="numColumns" type="integer" />
    <field id="jumpCount" type="integer" value="3" />
    <field id="focusSection" type="string" />
    <field id="selectedItem" type="assocarray" />
		<field id="focus" type="boolean" onChange="onFocusChange"/>
	</interface>
	<script type="text/brightscript" uri="pkg:/components/app/screens/networks/components/guide/NetworkGuideGrid.brs"/>
	<script type="text/brightscript" uri="pkg:/components/utils/array.brs"/>
	<script type="text/brightscript" uri="pkg:/components/utils/image.brs"/>
	
	<children>
    <Group id="guideGrid">
      <NetworkPrograms id="programs" translation="[0,134]"/>
      <NetworkHeaderRow id="headerRow" />
    </Group>
	</children>
</component>
