<?xml version="1.0" encoding="UTF-8"?>
<component name="NetworkHeaderRow" extends="Group">
	<interface>
		<field id="networks" type="array" onChange="SetNetworks"/>
    <field id="itemWidth" type="float" />
    <field id="numColumns" type="integer" />
    <field id="jumpCount" type="integer" />
    <field id="horizSpacing" type="integer" />
    <field id="columnIndex" type="integer" />
    <field id="startIndex" type="integer" onChange="MoveHeaders" />
		<field id="focus" type="boolean" onChange="onFocusChange" alwaysNotify="true" />
	</interface>
	<script type="text/brightscript" uri="pkg:/components/app/screens/networks/components/guide/NetworkHeaderRow.brs"/>
	<script type="text/brightscript" uri="pkg:/components/utils/array.brs"/>

	<children>
    <Group
        id="nwHeadersRow">
    </Group>
    <Poster
        id="shadow"
        translation="[-2,134]"
        loadWidth="1460"
        height="4"
        uri="pkg:/images/top_gradient.png"
   	    loadDisplayMode="scaleToFill" />
	</children>
</component>
