<?xml version="1.0" encoding="UTF-8"?>
<component name="NetworkProgramColumn" extends="Group">
  <interface>
    <field id="network" type="assocarray" />
    <field id="endTimeline" type="string" />
    <field id="unitHeight" type="float" />
    <field id="maxHeight" type="float" value="765" />
    <field id="programIndex" type="integer" />
    <field id="bgColor" type="color" />
    <field id="startTimeLine" type="string" onChange="OnStartTimeLineChange" />
    <field id="focus" type="boolean" onChange="onFocusChange"/>
  </interface>
  <script type="text/brightscript" uri="pkg:/components/app/screens/networks/components/guide/NetworkProgramColumn.brs"/>
  <script type="text/brightscript" uri="pkg:/components/utils/date.brs"/>
  <script type="text/brightscript" uri="pkg:/components/utils/fuboDate.brs"/>
  <script type="text/brightscript" uri="pkg:/components/data/program.brs"/>
  
  <children>
    <Group id="programsContainer" />
  </children>
</component>
