<?xml version="1.0" encoding="UTF-8"?>
<component name="NetworkHeader" extends="Group">
	<interface>
		<field id="logoWhite" type="uri" alias="logoOnDark.uri" />
    <field id="logoDark" type="uri" alias="logoOnWhite.uri" />
	  <field id="bgColor" type="color" alias="darkRect.color" />
		<field id="focus" type="boolean" onChange="onFocusChange"/>
	</interface>
	<script type="text/brightscript" uri="pkg:/components/app/screens/networks/components/guide/NetworkHeader.brs"/>
	
	<children>
		<Rectangle
			  id="darkRect"
			  width="290"
			  height="134"
			  color="0x2B2D2E">
		  <Poster
			    id="logoOnDark"
			    width="120"
          height="30"
			    translation="[85,52]"
			    loadDisplayMode="scaleToFit" />
    </Rectangle>
		<Rectangle
			  id="whiteRect"
			  width="290"
			  height="134"
        visible="false"
			  color="0xF6F2EB">
		  <Poster
			    id="logoOnWhite"
			    width="120"
          height="35"
			    translation="[85,52]"
			    loadDisplayMode="scaleToFit" />
    </Rectangle>
	</children>
</component>
