<?xml version="1.0" encoding="UTF-8"?>
<component name="VideoSettings" extends="group">
	<script type="text/brightscript" uri="pkg:/components/app/screens/videos/ui/settings/VideoSettings.brs" />
  <interface>
    <field id="programCmd" type="string" />
    <field id="videoSetCmd" type="assocarray" />
    <function name="SetupMenu" /> 
    <function name="ShowMenu" /> 
    <function name="HideMenu" /> 
    <function name="setPlayAction" />
    <function name="setDVRAction" />
  </interface>

	<children>
    <Rectangle
        id="settingBg"
        color="0x242424"
        opacity="0.96"
        width="1920"
        height="1080"
        />

    <Rectangle
        id="menuMask"
        color="0x2B2D2E"
        opacity="0.96"
        width="1920"
        height="133"
        />

    <Group
        id="wrapper"
        translation="[234,0]" >
      <TopNavBar id="navBar" translation="[0,50]" />
      <Group
          id="contentWrapper"
          translation="[0,133]" >
        <ProgramControlMenu id="programControl" />
        <VideoControlMenu id="videoControl" visible="false" />
        <FeedBackMenu id="feedBackControl" visible="false" />
      </Group>

    </Group>
    
  </children>
</component>
