<?xml version="1.0" encoding="UTF-8"?>
<component name="ControlButton" extends="group">
	<script type="text/brightscript" uri="pkg:/components/app/screens/videos/ui/buttons/ControlButton.brs" />
  <interface>
    <field id="text" type="string" alias="buttonLabel.text" />
    <field id="icon" type="uri" alias="buttonIcon.uri" />
    <field id="iconWidth" type="float" alias="buttonIcon.width" />
    <field id="iconHeight" type="float" alias="buttonIcon.height" />
    <field id="iconTranslation" type="vector2d" alias="buttonIcon.translation" />
    <field id="focus" type="boolean" onChange="onFocusChange" alwaysNotify="true" />
  </interface>

	<children>
    <Group id="btnGroup">
      <Rectangle
          id="iconContainer"
          height="65"
          color="0xFA461600"
          width="65">
        <Poster
            id="buttonIcon"
            height="36"
            width="36"
            />
      </Rectangle>
      <Label
          id="buttonLabel"
          width="200"
          visible="false"
          horizAlign="center"
          translation="[-67,75]"
          color="0xF6F2EB">
				<Font
					  role="font"
					  uri="pkg:/resource/fonts/Qanelas/Qanelas-ExtraBold.otf"
					  size="18"/>
      </Label>
    </Group>
  </children>
</component>
