<?xml version="1.0" encoding="UTF-8"?>
<component name="ControlButtonGroup" extends="group">
	<script type="text/brightscript" uri="pkg:/components/app/screens/videos/ui/buttons/ControlButtonGroup.brs" />
  <interface>
    <field id="btnCommand" type="string" alwaysNotify="true" />
    <field id="focus" type="boolean" onChange="onFocusChange" />
    <function name="setUpButtons" />
    <function name="setPlayAction" />
    <function name="setDVRAction" />
  </interface>

	<children>
    <Group id="buttonGroups" />
  </children>
</component>
