<?xml version="1.0" encoding="UTF-8"?>
<component name="CategoryGrid" extends="Group">
	<interface>
		<field id="itemWidth"     type="integer"/>
		<field id="itemHeight"    type="integer"/>
		<field id="horizSpacing"  type="integer"/>
		<field id="vertSpacing"   type="integer"/>
		<field id="itemType"      type="string"/>
		<field id="numItems"      type="integer"/>
		<field id="numRows"       type="integer"/>
		<field id="numColumns"    type="integer"/>
		<field id="xPos"          type="integer"/>
		<field id="yPos"          type="integer"/>
		<field id="gridLabelText" type="string"  alias="gridLabel.text"/>
		<field id="setFields"     type="boolean" onChange="SetGridFields"/>
		<field id="data"          type="array"   onChange="PopulateGrid"/>
		<field id="focus"         type="boolean" onChange="handleFocusChange" alwaysNotify="true"/>
		<field id="itemFocused"   type="node"/>
		<field id="itemSelected"  type="node"/>
	</interface>
	<script type="text/brightscript" uri="pkg:/components/app/widgets/grid/CategoryGrid.brs"/>
	<script type="text/brightscript" uri="pkg:/components/utils/animations.brs"/>
	<children>
		<Label
			  id="gridLabel"
			  width="400"
			  height="40"
        color="0xF6F2EB">
			<Font role="font" uri="pkg:/resource/fonts/Qanelas/Qanelas-ExtraBold.otf" size="36" />
		</Label>
		<Group id="gridGroup" />
	</children>
</component>
