<?xml version="1.0" encoding="UTF-8"?>
<component name="GenreGridTile" extends="Group">
	<interface>
		<field id="focus"     type="boolean" onChange="handleFocusChange" value="false" alwaysNotify="false"/>
		<field id="direction" type="string"/>
		<field id="tileData" type="assocarray" onChange="handleDataChange" />
	</interface>
	<script type="text/brightscript" uri="pkg:/components/app/widgets/grid/GenreGridTile.brs"/>
	<script type="text/brightscript" uri="pkg:/components/utils/image.brs"/>
	<children>
		<Rectangle
			  id="placeholder"
			  width="420"
			  height="160"
			  color="0x2A2C2D"/>
		<AnimationPoster
			  id="tilePoster"
			  width="418"
			  height="158">
			<AnimationRectangle
				  id="tileRectOne"
				  width="420"
				  height="160"
				  color="0x000000"
				  opacity=".65"/>
			<SlidingRectangle
				  id="tileRectTwo"
				  color="0xFA4616"
				  width="280"
				  height="60"
				  clippingRect="[0,0,280,60]">
				<Label
					  id="tileLabel"
					  width="280"
					  height="60"
				    color="0xF6F2EB"
				    horizAlign="center"
				    vertAlign="center">
					<Font role="font" uri="pkg:/resource/fonts/Qanelas/Qanelas-Black.otf" size="36"/>
				</Label>
			</SlidingRectangle>
		</AnimationPoster>
	</children>
</component>
