<?xml version="1.0" encoding="UTF-8"?>
<component name="EpisodeDetailTile" extends="Group">
	<interface>
		<field id="seasonText" type="string" alias="seasonLabel.text"/>
		<field id="episodeText" type="string" alias="episodeLabel.text"/>
		<field id="dateTimeStatus" type="string" alias="dateTimeStatusLabel.text"/>
		<field id="dateTime" type="string" alias="dateTimeLabel.text"/>
		<field id="tileImageUri" type="uri" alias="tileImage.uri"/>
		<field id="networkLogo" type="uri" alias="networkLogo.uri"/>
		<field id="detailsLabelText" type="string" alias="detailsLabel.text"/>
		<field id="titleLabelText" type="string" alias="titleLabel.text"/>	
		<field id="isLive" type="boolean" onChange="handleLiveStatus" alwaysNotify="true" />
		<field id="itemContent" type="node" onChange="handleItemContent" alwaysNotify="true"/>
  	<field id="focusPercent" type="float" onChange="focusPercentChanged"/>
  	<field id="listHasFocus" type="bool" onChange="focusPercentChanged"/>
	</interface>
	<script type="text/brightscript" uri="pkg:/components/app/widgets/spec/EpisodeDetailTile.brs"/>
	<children>
   	<Rectangle
   			id="backgroundRect"
   			width="1028"
   			height="145"
			  color="0x2A2C2D"
   			clippingRect="[0,0,1028,145]">

   		<Rectangle
				  id="statusRect"
			    width="185"
			    height="145"
			    color="0x2B2D2E">
			  <Rectangle
		    		id="liveRect"
		    		translation="[-181,0]"
		    		width="185"
		    		height="145"
		    		color="0xFA4616" />
				<Rectangle
					  id="opaqueRect"
					  width="420"
					  height="160"
					  color="0xFA4616"
					  opacity="0" />
		    <Label
		    		id="seasonLabel"
				    color="0xFA4616"
				    width="137"
				    translation="[24,18]"
				    wrap="true"
				    lineSpacing="-12">
					<Font role="font" uri="pkg:/resource/fonts/Qanelas/Qanelas-Black.otf" size="32"/>
				</Label>
		    <Label
		    		id="episodeLabel"
				    translation="[24,54]"
				    width="185"
				    height="100"
				    color="0xF6F2EB">
					<Font role="font" uri="pkg:/resource/fonts/Qanelas/Qanelas-Medium.otf" size="32"/>
				</Label>
				<Rectangle
					  id="placeholder"
					  width="258"
					  height="145"
					  color="0x2A2C2D"
					  translation="[185,0]"/>
				<Poster
					  id="tileImage"
					  loadWidth="258"
					  loadHeight="145"
					  translation="[185,0]"
					  loadDisplayMode="scaleToFill">
				</Poster>
			</Rectangle>
      
		  <Group
			    id="itemInfoGroup"
			    translation="[443,0]"
			    clippingRect="[0,0,585,145]">
    	  <Rectangle
    			  id="infoRect"
			      width="585"
			      height="145"
			      color="0x2A2C2D">
    	  </Rectangle>
        <SlidingRectangle
	    		  id="slidingRect"
				    width="584"
				    height="145"
            transDuration=".2"
            transFieldInterp="slidingRect.translation"
				    color="0xF6F2EB"
				    clippingRect="[0,0,585,145]"/>
	      <Label
	    		  id="titleLabel"
			      color="0xF6F2EB"
			      width="535"
			      translation="[24,18]"
    			  lineSpacing="-12">
				  <Font role = "font" uri="pkg:/resource/fonts/Qanelas/Qanelas-ExtraBold.otf" size = "34" />
			  </Label>

			  <Group id="statusTime" translation="[24,58]">
				  <Label
					    id="dateTimeStatusLabel"
					    width="392"
					    color="0xC4C0B8"
					    text=""
					    >
					  <Font role="font" uri="pkg:/resource/fonts/Qanelas/Qanelas-Bold.otf" size="22" />
				  </Label>
				  <Label
					    id="dateTimeLabel"
					    width="392"
					    color="0xC4C0B8"
					    translation="[40,0]"
					    >
					  <Font role="font" uri="pkg:/resource/fonts/Qanelas/Qanelas-Medium.otf" size="22" />
				  </Label>
			  </Group>

			  <Label
				    id="detailsLabel"
				    translation="[24,98]"
				    width="450"
				    color="0xC4C0B8">
				  <Font
              role="font"
              uri="pkg:/resource/fonts/Qanelas/Qanelas-Medium.otf"
              size="22" />
			  </Label>

			  <Poster
				    id="networkLogo"
				    height="40"
				    width="90"
				    translation="[480,90]"
				    loadDisplayMode="scaleToFit" />
		  </Group>

      <Rectangle
          id="progressBar"
          color="0x535657"
          visible="false"
          height="5"
          width="1028"
          translation="[0,140]">
        <Rectangle
            id="watchedProgressBar"
            color="0x1C9FD0"
            height="5"
            width="0"/>
      </Rectangle>

   	</Rectangle>
    
	</children>
</component>
