<?xml version="1.0" encoding="UTF-8"?>
<component name="LoadingOverlay" extends="Group">
	<script type="text/brightscript" uri="pkg:/components/app/widgets/spec/LoadingOverlay.brs"       />
  <interface>
    <field id="deviceSet" type="boolean" />
  </interface>
	<children>
		<Rectangle
			  id="mask"
			  width="1920"
			  height="1080"
			  opacity="0.75"
			  color="0x242424"/>
		<Group 
			id="loader"
			translation="[604,324]">
			<Rectangle
				id="bg"
				width="72"
				height="72"
				color="0x3a3f40"/>
			<Rectangle
				id="rectWhite"
				width="0"
				height="72"
				color="0xffffff"/>
			<Rectangle
				id="rectBlue"
				width="72"
				height="0"
				color="0x1c9fd3"/>
			<Rectangle
				id="rectOrange"
				width="0"
				height="72"
				color="0xd14f34"/>
			<Rectangle
				id="rectGray"
				width="72"
				height="0"
				color="0x3a3f40"/>
		</Group>
		<Label
        id="loadingText"
        text="LOADING..."
        visible="false"
        color="0xFA4616"
        translation="[896,500]">
    	<Font role="font" uri="pkg:/resource/fonts/Qanelas/Qanelas-Bold.otf" size="30"/>
    </Label>
		 	<Animation id = "rectWhiteAnime" duration = "0.5" easeFunction = "linear" >
				<FloatFieldInterpolator id="rectWhiteInterp"    key= "[0, 0.1, 0.2, 0.3, 0.4, 0.5, 0.6, 0.7, 0.8, 0.9, 1.0]"    keyValue= "[ 0, 7.2, 14.4, 21.6, 28.8, 36.0, 43.2, 50.4, 57.6, 64.8, 73]"    fieldToInterp="rectWhite.width" />
			</Animation>
			<Animation id = "rectBlueAnime" duration = "0.5" easeFunction = "linear" >
				<FloatFieldInterpolator id="rectBlueInterp"    key= "[0, 0.1, 0.2, 0.3, 0.4, 0.5, 0.6, 0.7, 0.8, 0.9, 1.0]"    keyValue= "[ 0, 7.2, 14.4, 21.6, 28.8, 36.0, 43.2, 50.4, 57.6, 64.8, 73]"    fieldToInterp="rectBlue.height" />
			</Animation>
			<Animation id = "rectOrangeAnime" duration = "0.5" easeFunction = "linear" >
				<FloatFieldInterpolator id="rectOrangeInterp"    key= "[0, 0.1, 0.2, 0.3, 0.4, 0.5, 0.6, 0.7, 0.8, 0.9, 1.0]"    keyValue= "[ 0, 7.2, 14.4, 21.6, 28.8, 36.0, 43.2, 50.4, 57.6, 64.8, 73]"    fieldToInterp="rectOrange.width" />
			</Animation>
			<Animation id = "rectGrayAnime" duration = "0.5" easeFunction = "linear" >
				<FloatFieldInterpolator id="rectGrayInterp"    key= "[0, 0.1, 0.2, 0.3, 0.4, 0.5, 0.6, 0.7, 0.8, 0.9, 1.0]"    keyValue= "[ 0, 7.2, 14.4, 21.6, 28.8, 36.0, 43.2, 50.4, 57.6, 64.8, 73]"    fieldToInterp="rectGray.height" />
			</Animation>
	</children>
</component>