<?xml version="1.0" encoding="UTF-8"?>
<component name="MainMenu" extends="Group">
	<interface>
		<field id="focus" type="boolean" onChange="handleFocusChange" alwaysNotify="true"/>
		<field id="activeMenu" type="string" onChange="SetActiveMenu" />
		<field id="subScreen"  type="string" value="" onChange="HidLogoTimeForSubScreen" />
	</interface>
	<script type="text/brightscript" uri="pkg:/components/app/widgets/spec/MainMenu.brs"/>
  <script type="text/brightscript" uri="pkg:/components/utils/navigator.brs"/>
	<script type="text/brightscript" uri="pkg:/components/utils/date.brs"/>
	<script type="text/brightscript" uri="pkg:/components/utils/animations.brs"/>
	<children>
		<Group id="logoAndTime">
			<Poster
				  id="gradient"
				  loadWidth="1920"
				  loadHeight="200"
          loadDisplayMode="scaleToFill"
				  uri="pkg:/images/top_gradient.png"
				  translation="[0,0]"/>
			<Group id="logo">
			  <Poster
					  id="fuboLogo"
					  loadWidth="120"
					  loadHeight="41"
					  loadDisplayMode="scaleToFit"
					  uri="pkg:/images/fubotv_logo_small.png"
					  translation="[90,63]"/>
			  <Label
					  id="screenLabel"
					  text="SPORTS"
					  translation="[220, 63]"
					  color="0xF6F2EB">
					<Font role="font" uri="pkg:/resource/fonts/Qanelas/Qanelas-Medium.otf" size="36"/>
				</Label>	
			</Group>
			<Group id="time">
				<Poster
					  id="clock"
					  loadWidth="23"
					  loadHeight="23"
					  loadDisplayMode="scaleToFit"
					  translation="[1707,71]"
					  uri="pkg:/images/clock.png"/>
				<Label
					  id="currentTime"
					  width="150"
					  height="50"
					  translation="[1748,64]"
					  color="0xF6F2EB">
					<Font role="font" uri="pkg:/resource/fonts/Qanelas/Qanelas-SemiBold.otf" size="30"/>
				</Label>
			</Group>
		</Group>
		<Group
			  id="menuGroup"
			  translation="[0,-200]">
			<AnimationPoster
				  id="menuCaret"
				  loadWidth="30"
				  loadHeight="9"
				  loadDisplayMode="scaleToFit"
				  translation="[945,250]"
				  uri="pkg:/images/directional_arrow.png">
				<AnimationLabel
					  id="menuLabel"
					  width="1920"
					  height="50"
					  translation="[-945,25]"
					  text="MENU"
					  color="0xF6F2EB"
					  font="pkg:/resource/fonts/Qanelas/Qanelas-SemiBold.otf"
					  fontSize="20"
					  horizAlign="center">
				</AnimationLabel>
			</AnimationPoster>
			<Group
				  id="menuButtonGroup" />
		</Group>
		
		<Animation
			  id="menuAnimationIn"
			  duration=".35"
			  easeFunction="linear"
			  optional="true">
		  <Vector2DFieldInterpolator
				  id = "menuInterpIn"
				  key="[0,1]"
				  keyValue="[[0,-200],[0,0]]"
				  fieldToInterp="menuGroup.translation"/>
		</Animation>
		
		<Animation
			  id="menuAnimationOut"
			  duration=".35"
			  easeFunction="linear"
			  optional="true">
		  <Vector2DFieldInterpolator
				  id = "menuInterpOut"
				  key="[0,1]"
				  keyValue="[[0,0],[0,-200]]"
				  fieldToInterp="menuGroup.translation"/>
		</Animation>

		<Timer
			  id="updateTime"
			  duration="10"
			  repeat="true"/>
	</children>
</component>
