<?xml version="1.0" encoding="UTF-8"?>
<component name="ProgramDetailTile" extends="Group">
	<interface>
		<field id="statusLabelText" type="string"  alias="statusLabel.text"/>
    <field id="timeLabelText"   type="string"  alias="timeLabel.text"/>
    <field id="tileImageUri"    type="uri"     alias="tileImage.uri"/>
    <field id="networkLogo"     type="uri"     alias="networkLogo.uri"/>
    <field id="firstTeamLogo"    type="uri"     alias="firstTeamLogo.uri"/>
    <field id="teamVsLogo"       type="uri"     alias="teamVsLogo.uri"/>
    <field id="secondTeamLogo"   type="uri" alias="secondTeamLogo.uri"/>
    <field id="detailsLabelText" type="string"  alias="detailsLabel.text"/>
    <field id="titleLabelText"  type="string"  alias="titleLabel.text"/>  
    <field id="isLive" type="boolean" onChange="handleLiveStatus" alwaysNotify="true" />
		<field id="duration" type="string"  alias="durationLabel.text"/>
    <field id="itemContent" type="node" onChange="handleItemContent" alwaysNotify="true"/>
    <field id="focusPercent" type="float" onChange="focusPercentChanged"/>
    <field id="listHasFocus" type="bool" onChange="focusPercentChanged"/>
  </interface>
  <script type="text/brightscript" uri="pkg:/components/app/widgets/spec/ProgramDetailTile.brs"/>
  <children>
    <Rectangle
        id="backgroundRect"
        width="1028"
        height="145"
        color="0x2A2C2D"
        clippingRect="[0,0,1028,145]">
      
      <Rectangle
          id="statusRect"
          width="185"
          height="145"
          color="0x2B2D2E">
        <Rectangle
            id="liveRect"
            translation="[-181,0]"
            width="185"
            height="145"
            color="0xFA4616" />
        <Rectangle
            id="opaqueRect"
            width="420"
            height="160"
            color="0xFA4616"
            opacity="0" />
        <Label
            id="statusLabel"
            color="0xFA4616"
            width="185"
            translation="[24,18]"
            wrap="true"
            lineSpacing="-12">
          <Font role="font" uri="pkg:/resource/fonts/Qanelas/Qanelas-Black.otf" size="32"/>
        </Label>
        <Label
            id="timeLabel"
            translation="[24,54]"
            width="185"
            height="100"
            color="0xF6F2EB">
          <Font role="font" uri="pkg:/resource/fonts/Qanelas/Qanelas-Medium.otf" size="32"/>
        </Label>
				<Label
		    		id="durationLabel"
				    translation="[24,100]"
				    width="185"
				    height="100"
				    color="0xC4C0B8">
					<Font role="font" uri="pkg:/resource/fonts/Qanelas/Qanelas-Regular.otf" size="25"/>
				</Label>
      </Rectangle>
      
      <Rectangle
          id="placeholder"
          width="258"
          height="145"
          color="0x2A2C2D"
          translation="[185,0]">
        <Poster
            id="tileImage"
            loadWidth="258"
            loadHeight="145"
            loadDisplayMode="scaleToFill" />
        <Rectangle
            id="teamLogoMask"
            width="258"
            height="145"
            opacity="0.0"
            color="0x1C1C1C" />
        <Poster
            id="firstTeamLogo"
            loadWidth="90"
            loadHeight="90"
					  translation="[15, 40]"
					  loadDisplayMode="scaleToFit"/>
        <Poster
            id="teamVsLogo"
            loadWidth="30"
            loadHeight="30"
					  translation="[115, 65]"
					  loadDisplayMode="scaleToFit"/>
			  <Poster
					  id="secondTeamLogo"
					  loadWidth="90"
					  loadHeight="90"
					  translation="[160, 40]"
					  loadDisplayMode="scaleToFit"/>
		  </Rectangle>
      
		  <Group
			    id="itemInfoGroup"
			    translation="[443,0]"
			    clippingRect="[0,0,585,145]">
    	  <Rectangle
    			  id="infoRect"
			      width="585"
			      height="145"
			      color="0x3A3E3F" />
        <!-- animation rect needs to be 1 pixel shorter
             to keep dimension aligned -->
        <SlidingRectangle
	    		  id="slidingRect"
				    width="584"
				    height="145"
            transDuration=".2"
            transFieldInterp="slidingRect.translation"
				    color="0xF6F2EB"
				    clippingRect="[0,0,585,145]" />
			  <Poster
				    id="networkLogo"
				    height="40"
				    width="90"
            visible="false"
				    translation="[480,90]"
				    loadDisplayMode="scaleToFit" />
	      <Label
	    		  id="titleLabel"
			      color="0xF6F2EB"
			      width="392"
			      translation="[24,18]"
	    		  wrap="true"
    			  lineSpacing="-12"
    			  maxLines="2">
				  <Font role="font" uri="pkg:/resource/fonts/Qanelas/Qanelas-ExtraBold.otf" size="34" />
		      <Label
		    		  id="detailsLabel"
				      translation="[0,80]"
				      width="392"
				      color="0xC4C0B8"
					    >
					  <Font role="font" uri="pkg:/resource/fonts/Qanelas/Qanelas-Medium.otf" size="22" />
				  </Label>
			  </Label>
		  </Group>

      <Rectangle
          id="progressBar"
          color="0x535657"
          visible="false"
          height="5"
          width="1028"
          translation="[0,140]">
        <Rectangle
            id="watchedProgressBar"
            color="0x1C9FD0"
            height="5"
            width="0"/>
      </Rectangle>

    </Rectangle>
  </children>
</component>
