<?xml version="1.0" encoding="UTF-8"?>
<component name="ProgramListWithCalendar" extends="Group">
	<script type="text/brightscript" uri="pkg:/components/app/widgets/spec/ProgramListWithCalendar.brs"/>
  <script type="text/brightscript" uri="pkg:/components/utils/date.brs" />
  <script type="text/brightscript" uri="pkg:/components/utils/fuboDate.brs"/>
  <script type="text/brightscript" uri="pkg:/components/utils/image.brs" />
	<interface>
		<field id="programs" type="array" onChange="RenderPrograms"/>
		<field id="itemSelected" type="integer" />
		<field id="hideNetworkLogo" type="boolean" value="false" />
  	<field id="focus" type="bool" onChange="HandleFocusChange" alwaysNotify="true" />
	</interface>

	<children>
		<MarkupList
			  id="eventList"
			  itemComponentName="ProgramDetailTile"
			  numRows="6"
			  itemSize="[1028,145]"
			  itemSpacing="[0,20]"
			  drawFocusFeedback="false"
			  vertFocusAnimationStyle="floatingFocus"
			  />
    <BaseList
        id="calendar"
        itemWidth="150"
        itemHeight="60"
        itemSpacing="20"
        jumpCount="3"
			  translation="[1089,0]"
        itemType="SlidingButton"
        itemShowCount="12"
        />
	</children>
</component>
