<?xml version="1.0" encoding="UTF-8"?>
<component name="ProgramControlMenu" extends="group">
	<script type="text/brightscript" uri="pkg:/components/app/screens/videos/ui/settings/components/ProgramControlMenu.brs" />
  <interface>
    <field id="programCommand" type="string" />
    <field id="focus" type="boolean" onChange="handleFocusChange" />
    <function name="SetupProgram" />
    <function name="setPlayAction" />
    <function name="setDVRAction" />
  </interface>

	<children>
    <Group id="infoGroup"
           translation="[0,238]">
      <Label
          id="titleLabel"
          text=""
          width="800"
          wrap="true"
          maxLines="2"
          >
        <Font
            role="font"
            uri="pkg:/resource/fonts/Qanelas/Qanelas-ExtraBold.otf"
            size="80"/>
      </Label>
      <Label
          id="subTitleLabel"
          text=""
          width="500"
          translation="[0,250]">
        <Font
            role="font"
            uri="pkg:/resource/fonts/Qanelas/Qanelas-Medium.otf"
            size="30"/>
      </Label>
      <Label
          id="descriptionLabel"
          text=""
          width="870"
          wrap="true"
          maxLines="2"
          translation="[0,320]">
        <Font
            role="font"
            uri="pkg:/resource/fonts/Qanelas/Qanelas-Medium.otf"
            size="24"/>
      </Label>
      <Poster
          id="networkPoster"
          loadWidth="120"
          translation="[0,435]"
          />
    </Group>


    <Group
        id="buttonGroup"
        translation="[1021,361]">
      <SlidingButton
          id="dvrButton"
          width="435"
          height="60"
          iconHeight="36"
          iconWidth="36"
          labelTranslation="[80,0]"
          iconTranslation="[20,12]"
          horizAlign="left"
          vertAlign="center"
          text="RECORD"
          font="pkg:/resource/fonts/Qanelas/Qanelas-Black.otf"
          fontSize="36"
          iconUri="pkg:/images/record_icon.png"
          />
      <SlidingButton
          id="scrubButton"
          width="435"
          height="60"
          iconHeight="55"
          iconWidth="60"
          labelTranslation="[80,0]"
          iconTranslation="[8,3]"
          translation="[0,70]"
          horizAlign="left"
          vertAlign="center"
          text="START OVER"
          font="pkg:/resource/fonts/Qanelas/Qanelas-Black.otf"
          fontSize="36"
          iconUri="pkg:/images/active-startover.png"
          />
    </Group>

  </children>
</component>
