<?xml version="1.0" encoding="UTF-8"?>
<component name="TopNavBar" extends="group">
	<script type="text/brightscript" uri="pkg:/components/app/screens/videos/ui/settings/components/TopNavBar.brs" />
  <interface>
    <field id="selectedIndex" type="integer" />
    <field id="focus" type="boolean" onChange="handleFocusChange" alwaysNotify="true"/>
  </interface>

	<children>
    <BaseList
        id="menuList"
        itemWidth="250"
        itemHeight="60"
        itemSpacing="70"
        itemType="SlidingButton"
        listType="horizontal"
        />

    <Label
        id="exitTip"
        text="Press BACK to Exit"
        translation="[1290,0]">
        <Font
            role="font"
            uri="pkg:/resource/fonts/Qanelas/Qanelas-Medium.otf"
            size="24"/>
    </Label>
  </children>
</component>
