<?xml version="1.0" encoding="UTF-8"?>
<component name="VideoControlMenu" extends="group">
	<script type="text/brightscript" uri="pkg:/components/app/screens/videos/ui/settings/components/VideoControlMenu.brs" />
  <interface>
    <field id="videoCommand" type="assocarray" />
    <field id="focus" type="boolean" onChange="handleFocusChange" />
    <function name="SetupVideoOptions" />
  </interface>

	<children>
    <Group id="captionGrp"
           translation="[0,138]">
      <Label
          id="capTitle"
          text="Subtitles &amp; Captions"
          width="711"
          maxLines="2"
          >
        <Font
            role="font"
            uri="pkg:/resource/fonts/Qanelas/Qanelas-Bold.otf"
            size="36"/>
      </Label>
      
      <BaseList
          id="capList"
          itemWidth="250"
          itemHeight="60"
          itemSpacing="70"
          itemType="CheckButton"
          listType="horizontal"
          translation="[0,50]"
          />
    </Group>

    <Group id="audioGrp"
           translation="[0,338]">
      <Label
          id="audioLabel"
          text="Audio Language"
          width="300"
          maxLines="2"
          >
        <Font
            role="font"
            uri="pkg:/resource/fonts/Qanelas/Qanelas-Bold.otf"
            size="36"/>
      </Label>

      <BaseList
          id="audioList"
          itemWidth="250"
          itemHeight="60"
          itemSpacing="70"
          itemType="CheckButton"
          listType="horizontal"
          translation="[0,50]"
          />
      
    </Group>
    
  </children>
</component>
