<?xml version="1.0" encoding="UTF-8"?>
<component name="AllChannelsScreen" extends="BaseScreen">
  <script type="text/brightscript" uri="pkg:/components/app/screens/onboarding/AllChannelsScreen.brs"/>
  <children>

    <Rectangle
        id="backgroundRect"
        width="1740"
        height="960"
        color="0x343738"
        translation="[90,60]">

      <SlidingButton
  				id="backButton"
  				width="354"
  				height="76"
  				horizAlign="left"
  				vertAlign="center"
  				text="BACK"
					labelTranslation = "[25, 0]"
  				font="pkg:/resource/fonts/Qanelas/Qanelas-Bold.otf"
  				fontSize="36"
  				translation="[146,180]"/>

      <Poster
          uri = "pkg:/images/collapse_arrow.png"
          translation="[300,210]">
      </Poster>

      <Label
          id="logoLoader"
          color="0xF6F2EB"
          width="1100"
  				height="800"
          wrap="true"
          translation="[600, 65]"
  				text="LOADING... "
  				horizAlign = "center"
  				vertAlign = "center"
          maxLines="2">
        <Font role="font" uri="pkg:/resource/fonts/Qanelas/Qanelas-Bold.otf" size="23"/>
      </Label>

      <PosterGrid
  				id="logoGrid"
					basePosterSize = "[60,60]"
					itemSpacing="[50,50]"
					numColumns="10"
					numRows="7"
					useAtlas = "false"
					posterDisplayMode = "scaleToFit"
  				translation = "[600, 65]">
  		</PosterGrid>

      <PosterGrid
  				id="logoGridSports"
					basePosterSize = "[60,60]"
					itemSpacing="[50,50]"
					numColumns="10"
					numRows="7"
					useAtlas = "false"
					posterDisplayMode = "scaleToFit"
  				translation = "[600, 65]">
  		</PosterGrid>

      <PosterGrid
  				id="logoGridRegional"
					basePosterSize = "[60,60]"
					itemSpacing="[50,50]"
					numColumns="10"
					numRows="7"
					useAtlas = "false"
					posterDisplayMode = "scaleToFit"
  				translation = "[600, 65]">
  		</PosterGrid>

      <SlidingButton
  				id="allChannelsButton"
  				width="354"
  				height="76"
  				horizAlign="left"
  				vertAlign="center"
  				text="ALL CHANNELS"
					labelTranslation = "[25, 0]"
  				font="pkg:/resource/fonts/Qanelas/Qanelas-Bold.otf"
  				fontSize="36"
  				translation="[146,300]"
  				focus="true" />

      <SlidingButton
  				id="sportsButton"
  				width="354"
  				height="76"
  				horizAlign="left"
  				vertAlign="center"
  				text="SPORTS"
					labelTranslation = "[25, 0]"
  				font="pkg:/resource/fonts/Qanelas/Qanelas-Bold.otf"
  				fontSize="36"
  				translation="[146,380]"/>

      <SlidingButton
  				id="regionalButton"
  				width="354"
  				height="76"
  				horizAlign="left"
  				vertAlign="center"
  				text="REGIONAL"
					labelTranslation = "[25, 0]"
  				font="pkg:/resource/fonts/Qanelas/Qanelas-Bold.otf"
  				fontSize="36"
  				translation="[146,460]"/>

      <SlidingButton
  				id="zipCodeButton"
  				width="354"
  				height="76"
  				horizAlign="center"
  				vertAlign="center"
  				text="Your Zipcode : 11217"
  				font="pkg:/resource/fonts/Qanelas/Qanelas-Regular.otf"
  				fontSize="25"
  				translation="[146,790]"/>

    </Rectangle>

  </children>
</component>
