<?xml version="1.0" encoding="UTF-8"?>
<component name="CreateAccountScreen" extends="BaseScreen">
	<script type="text/brightscript" uri="pkg:/components/app/screens/onboarding/CreateAccountScreen.brs"/>
	<children>
		<ChannelStore
        id="store"
			  fakeServer="false" />
		<Timer
			  id="hidePasswordTimer"
			  duration=".25"
			  repeat="false"/>
		<Rectangle
			  id="backgroundRect"
			  width="1740"
			  height="960"
			  color="0x343738"
			  translation="[90,60]">

      <Rectangle
          id="keyboardRect"
          width="580"
          height="960"
          color="0xF6F2EB">
			  <AuthKeyboard
            id="keyboard"
            initKeyBoard="true"
            translation="[90,100]" />
      </Rectangle>

			<Label
				  id="emailLabel"
				  width="254"
				  height="60"
				  color="0xF6F2EB"
				  text="EMAIL"
				  translation="[700,225]">
				<Font role="font" uri="pkg:/resource/fonts/Qanelas/Qanelas-Medium.otf" size="30"/>
				<Label
					  id="emailTextField"
					  width="850"
					  height="75"
					  horizAlign="left"
					  vertAlign="center"
					  color="0xF6F2EB"
					  translation="[0,25]">
					<Font role="font" uri="pkg:/resource/fonts/Qanelas/Qanelas-Medium.otf" size="50"/>
				</Label>
				<Rectangle
					  id="textLineOne"
					  width="850"
					  height="5"
					  color="0xF6F2EB"
					  translation="[0,100]">
				</Rectangle>
			</Label>

			<Label
				  id="passwordLabel"
				  width="254"
				  height="60"
				  color="0xC4C0B8"
				  text="PASSWORD"
				  translation="[700,350]">
				<Font role="font" uri="pkg:/resource/fonts/Qanelas/Qanelas-Medium.otf" size="30"/>
				<Label
					  id="passwordTextField"
					  width="850"
					  height="75"
					  horizAlign="left"
					  vertAlign="center"
					  color="0xF6F2EB"
					  translation="[0,25]">
					<Font role="font" uri="pkg:/resource/fonts/Qanelas/Qanelas-Medium.otf" size="50"/>
				</Label>
				<Rectangle
					  id="textLineTwo"
					  width="850"
					  height="5"
					  color="0xF6F2EB"
					  translation="[0,100]"
          	visible="false">
				</Rectangle>
			</Label>

			<Label
				  id="zipCodeLabel"
				  width="254"
				  height="60"
				  color="0xC4C0B8"
				  text="ZIPCODE"
				  translation="[700,475]">
				<Font role="font" uri="pkg:/resource/fonts/Qanelas/Qanelas-Medium.otf" size="30"/>
				<Label
					  id="zipCodeTextField"
					  width="850"
					  height="75"
					  horizAlign="left"
					  vertAlign="center"
					  color="0xF6F2EB"
					  translation="[0,25]">
					<Font role="font" uri="pkg:/resource/fonts/Qanelas/Qanelas-Medium.otf" size="50"/>
				</Label>
				<Rectangle
					  id="textLineThree"
					  width="850"
					  height="5"
					  color="0xF6F2EB"
					  translation="[0,100]"
					  visible="false">
				</Rectangle>
			</Label>

      <Label
          id="inputErrorField"
          width="500"
          height="60"
          color="0xEE2828"
          text=""
          translation="[700,103]">
        <Font role="font" uri="pkg:/resource/fonts/Qanelas/Qanelas-Medium.otf" size="25"/>
      </Label>

			<Rectangle
          id="focusRect"
          width="4"
          height="45"
          color="0xFA4616"
          translation="[675,220]" />
		</Rectangle>
	</children>
</component>
