<?xml version="1.0" encoding="UTF-8"?>
<component name="IABSelectPlanScreen" extends="BaseScreen">
	<script type="text/brightscript" uri="pkg:/components/app/screens/onboarding/IABSelectPlanScreen.brs"/>
	<children>

    <Rectangle
        id="backgroundRect"
        width="1740"
        height="960"
        color="0x343738"
        translation="[90,60]">

			<ChannelStore
          id="store"
					fakeServer="false"
          command="getCatalog" />

      <Group id="packageGroup"
            translation="[146,174]">
        <Label
            id="titleLabel"
            color="0xF6F2EB"
            width="870"
				    text="fubo Premier"
            maxLines="1">
          <Font role="font" uri="pkg:/resource/fonts/Qanelas/Qanelas-ExtraBold.otf" size="90"/>
        </Label>

        <Group id="channelPromo"
            translation="[0,156]">
          <Rectangle
              color="0xFA4616"
              width="6"
              height="58"
              />
          <Label
            color="0xF6F2EB"
            width="870"
            height="58"
            vertAlign="center"
            translation="[33,0]"
				    text="70+ channels">
            <Font role="font" uri="pkg:/resource/fonts/Qanelas/Qanelas-Black.otf" size="48"/>
          </Label>
        </Group>

        <Group
            id="dvrPromo"
            translation="[0,250]">
          <Rectangle
              color="0xFA4616"
              width="6"
              height="58"
              />
          <Label
            color="0xF6F2EB"
            width="870"
            height="58"
            vertAlign="center"
            translation="[33,0]"
				    text="30 hours of Cloud DVR included">
            <Font role="font" uri="pkg:/resource/fonts/Qanelas/Qanelas-Black.otf" size="48"/>
          </Label>
        </Group>

        <Group
            id="livePromo"
            translation="[0,338]">
          <Rectangle
              color="0xFA4616"
              width="6"
              height="58"
              />
          <Label
            color="0xF6F2EB"
            width="870"
            height="58"
            vertAlign="center"
            translation="[33,0]"
				    text="Live sports &#38; TV on all your devices">
            <Font role="font" uri="pkg:/resource/fonts/Qanelas/Qanelas-Black.otf" size="48"/>
          </Label>
        </Group>
        
        <Group id="actionGroup"
            translation="[0,488]">
          <SlidingButton
				      id="freeTrialButton"
              bgColor="0x4A4D4E"
				      width="354"
				      height="76"
				      horizAlign="center"
				      vertAlign="center"
				      text="LET'S GO"
				      font="pkg:/resource/fonts/Qanelas/Qanelas-Bold.otf"
				      fontSize="36"
				      focus="true" />

          <Label
              id="trialPriceLabel"
              color="0xF6F2EB"
              width="870"
              height="76"
              vertAlign="center"
              translation="[403,0]"
				      text="">
            <Font role="font" uri="pkg:/resource/fonts/Qanelas/Qanelas-Medium.otf" size="30"/>
          </Label>

        </Group>
      </Group>

      <Group id="channelGroup"
             translation="[1100,180]">
			  <Label
            id="logoLoader"
            color="0xF6F2EB"
            width="500"
				    height="500"
            wrap="true"
				    text="LOADING... "
				    horizAlign = "center"
				    vertAlign = "center"
            maxLines="2">
          <Font role="font" uri="pkg:/resource/fonts/Qanelas/Qanelas-Bold.otf" size="23"/>
        </Label>

			  <PosterGrid
				    id="logoGrid"
				    basePosterSize = "[80,80]"
            itemSpacing="[50,50]"
            numColumns="4"
            numRows="4"
            useAtlas="false"
            posterDisplayMode="scaleToFit">
			  </PosterGrid>

        <SlidingButton
				    id="viewAllChannelsButton"
				    width="390"
				    height="76"
				    horizAlign="center"
				    vertAlign="center"
				    text="VIEW ALL CHANNELS"
				    font="pkg:/resource/fonts/Qanelas/Qanelas-Bold.otf"
				    fontSize="36"
				    translation="[60,520]"/>

        <SlidingButton
				    id="zipCodeButton"
				    width="350"
				    height="60"
				    horizAlign="center"
				    vertAlign="center"
				    text="Your Zipcode : 11111"
				    font="pkg:/resource/fonts/Qanelas/Qanelas-Bold.otf"
				    fontSize="25"
				    translation="[80,610]"/>
      </Group>
    </Rectangle>

  </children>
</component>
